id,player_name,games,time,goals,xG,assists,xA,shots,key_passes,yellow_cards,red_cards,position,team_title,npg,npxG,xGChain,xGBuildup,league,season
8636,Jonathan Christian David,18,1276,11,10.572485867887735,0,1.8396522756665945,35,16,1,0,F S,Lille,9,8.29220062866807,11.3941557854414,2.441294852644205,ligue_1,2021-2022
3423,Kylian Mbappe-Lottin,17,1439,10,11.367805439978838,8,6.069821160286665,62,33,4,0,F S,Paris Saint Germain,8,9.847615208476782,17.810063242912292,5.213469546288252,ligue_1,2021-2022
3210,Wissam Ben Yedder,18,1078,9,6.735727738589048,2,2.5395599398761988,21,14,1,0,F S,Monaco,5,3.695347126573324,7.462690493091941,1.4274244345724585,ligue_1,2021-2022
3746,Gaetan Laborde,18,1565,9,10.29517487436533,3,3.670283515006304,65,20,2,0,F M,"Montpellier,Rennes",9,10.29517487436533,13.663764690980315,1.9588582813739777,ligue_1,2021-2022
6905,Ludovic Ajorque,17,1361,9,7.693595558404922,5,2.7715357914567,32,19,4,1,F S,Strasbourg,7,6.173405263572931,10.48671531677246,2.482145939022302,ligue_1,2021-2022
9646,Mohamed Bayo,17,1354,9,7.317545779049396,2,2.141691081225872,39,19,0,0,F S,Clermont Foot,8,6.557450629770756,8.964278005063534,1.8755088690668344,ligue_1,2021-2022
5611,Martin Terrier,17,1187,8,6.097675140947104,0,2.1332847885787487,35,14,0,0,F M,Rennes,8,6.097675140947104,11.51264102756977,5.944607701152563,ligue_1,2021-2022
5769,Habib Diallo,17,988,8,7.185524487867951,1,2.64056346565485,32,10,2,0,F S,Strasbourg,7,6.425429338589311,9.328994216397405,2.1316313669085503,ligue_1,2021-2022
6401,Amine Gouiri,18,1354,8,8.593959162011743,4,3.1894141854718328,39,29,2,0,F M S,Nice,6,5.55357856862247,8.234700441360474,2.461057800799608,ligue_1,2021-2022
734,Wahbi Khazri,18,1450,7,3.9726702831685534,0,2.155205562710762,38,22,3,0,F M S,Saint-Etienne,4,1.692384846508503,3.296638585627079,0.8257598867639899,ligue_1,2021-2022
3475,Ludovic Blas,17,1498,7,5.30109978467226,1,2.2760859578847885,42,20,5,0,F M,Nantes,5,3.780909486114979,8.316813733428717,2.6701109893620014,ligue_1,2021-2022
3530,Andy Delort,16,1347,7,8.398066805675626,2,4.13338353484869,60,27,3,0,F S,"Montpellier,Nice",6,7.63803725130856,10.561204673722386,1.752538613975048,ligue_1,2021-2022
6420,Romain Faivre,17,1509,7,5.903486240655184,5,2.766184326261282,31,28,1,0,M,Brest,2,2.103010565042496,6.475456178188324,2.931734161451459,ligue_1,2021-2022
8995,Hugo Ekitike,16,846,7,5.940117716789246,2,0.998221074230969,20,9,1,1,F M S,Reims,6,5.18002262711525,6.212458744645119,0.7569676311686635,ligue_1,2021-2022
536,Dimitri Payet,14,1202,6,3.412089619785548,8,6.003908090293407,32,54,0,0,F M S,Marseille,5,2.6519944928586483,9.860383540391922,4.394714996218681,ligue_1,2021-2022
3549,Adrien Thomasson,16,1189,6,4.817729569971561,2,2.245143812149763,27,14,1,1,M S,Strasbourg,6,4.817729569971561,10.651480220258236,4.670554159209132,ligue_1,2021-2022
5743,Randal Kolo Muani,17,1422,6,6.002021515741944,2,1.8001881511881948,24,14,1,0,F M S,Nantes,6,6.002021515741944,8.105491081252694,1.2340881545096636,ligue_1,2021-2022
7365,Lucas Paquetá,16,1174,6,6.553676042705774,3,1.567603413015604,48,20,3,0,F M S,Lyon,5,5.793580900877714,10.730632476508616,4.5545804388821125,ligue_1,2021-2022
7746,Hwang Ui-Jo,13,1029,6,4.346011532470584,2,0.7669785618782043,23,6,0,0,F S,Bordeaux,6,4.346011532470584,5.768144577741623,0.8333774022758007,ligue_1,2021-2022
1144,Seko Fofana,18,1609,5,3.634191763587296,0,1.4977472573518753,51,23,1,0,M,Lens,5,3.634191763587296,10.434464424848557,6.060913629829884,ligue_1,2021-2022
1734,Sofiane Boufal,17,1362,5,5.376664231531322,3,4.309990625828505,33,32,3,0,F M S,Angers,3,3.856473962776363,6.486963590607047,1.674661286175251,ligue_1,2021-2022
3314,Franck Honorat,18,1554,5,2.7673598332330585,3,4.415448374114931,35,32,3,0,F M,Brest,5,2.7673598332330585,8.430475422181189,2.369960255920887,ligue_1,2021-2022
5657,Karl Toko Ekambi,16,1197,5,5.279028818011284,2,3.2645841911435127,35,22,2,0,F M S,Lyon,3,3.7588385194540015,8.585123211145401,2.7828928604722023,ligue_1,2021-2022
6846,Sofiane Diop,17,1135,5,3.2088786996901035,1,1.361224535852671,18,21,4,0,F M S,Monaco,5,3.2088786996901035,6.871216986328363,2.8030614759773016,ligue_1,2021-2022
7484,Stephy Mavididi,17,1399,5,3.503777086734772,2,2.1307687228545547,35,15,1,0,F M S,Montpellier,5,3.503777086734772,6.260704664513469,1.2345054913312197,ligue_1,2021-2022
8056,Arnaud Kalimuendo Muinga,15,838,5,3.317627487704158,0,1.0153224198147657,20,10,1,1,F S,"Lens,Paris Saint Germain",4,2.5575323682278395,4.930066294968128,1.3977635512128472,ligue_1,2021-2022
8657,Jeremy Le Douaron,18,842,5,3.247168257832527,2,2.0228713508695364,24,14,0,0,F M S,Brest,5,3.247168257832527,4.084691381081939,0.6823660647496581,ligue_1,2021-2022
10029,Alberth Elis,10,751,5,3.9943096600472927,0,1.3442751746624708,16,11,2,0,F M S,Bordeaux,5,3.9943096600472927,5.70235301181674,0.8862550714984536,ligue_1,2021-2022
83,Kevin Volland,16,1133,4,3.7813812009990215,5,2.2295699175447226,25,13,6,0,F M S,Monaco,3,3.021286081522703,6.005434824153781,2.0897815134376287,ligue_1,2021-2022
2442,Kevin Gameiro,16,935,4,5.042614579200745,1,0.8571837339550257,22,7,0,0,F M S,Strasbourg,3,3.5224243253469467,6.458309210836887,2.6641549598425627,ligue_1,2021-2022
3244,Nicolas de Preville,13,931,4,1.4260867331176996,1,0.7459403946995735,19,8,2,0,F M S,Metz,4,1.4260867331176996,2.467948507517576,0.4568845555186271,ligue_1,2021-2022
3309,Valère Germain,14,953,4,3.329638261348009,2,1.2055026534944773,15,8,0,0,F S,Montpellier,4,3.329638261348009,4.03270803950727,0.5011962000280619,ligue_1,2021-2022
3490,Thomas Mangani,17,1327,4,2.933388313278556,2,0.856702446937561,10,17,4,0,M S,Angers,1,0.6531029548496008,3.695783842355013,3.43894849345088,ligue_1,2021-2022
3799,Wesley Said,9,338,4,3.8885208666324615,0,0.9422226697206496,16,10,2,0,F M S,Lens,4,3.8885208666324615,5.998055458068848,1.7371622174978256,ligue_1,2021-2022
3800,Steve Mounie,15,1245,4,7.134927179664373,1,0.7552103418856859,41,12,0,0,F S,Brest,4,7.134927179664373,8.86665440350771,2.7638843655586243,ligue_1,2021-2022
5677,Florent Mollet,16,1279,4,2.432119313627481,2,1.4008948020637035,25,17,4,0,M S,Montpellier,4,2.432119313627481,4.92228864133358,1.918103389441967,ligue_1,2021-2022
6162,Cengiz Ünder,13,918,4,2.4760297518223524,0,1.7699493002146482,28,17,0,1,F M S,Marseille,4,2.4760297518223524,6.40702186897397,2.6444812025874853,ligue_1,2021-2022
6697,Armand Lauriente,15,993,4,2.695480700582266,0,0.632388524711132,28,13,1,0,F S,Lorient,3,1.9353856109082697,3.05575480312109,1.207665603607893,ligue_1,2021-2022
6863,Téji Savanier,15,1292,4,2.8049892988055944,5,2.8781491611152887,44,29,4,1,M,Montpellier,3,2.044894168153405,6.1017852909863,3.381273465231061,ligue_1,2021-2022
6883,Xavier Chavalerin,17,1340,4,1.300541264936328,1,1.254809313453734,16,13,2,0,M S,"Reims,Troyes",4,1.300541264936328,5.793646784499288,3.9215310271829367,ligue_1,2021-2022
7142,Moussa Dembele,10,614,4,3.4267253829166293,1,1.462566953152418,19,11,2,0,F S,Lyon,3,2.666630263440311,4.689777163788676,0.8143687155097723,ligue_1,2021-2022
7763,Fabien Centonze,16,1440,4,0.8147915126755834,1,0.626758873462677,15,11,3,0,D M,Metz,4,0.8147915126755834,2.496098294854164,1.3444147016853094,ligue_1,2021-2022
8025,Kasper Dolberg,13,736,4,4.544775225222111,1,0.2537475731223821,20,4,0,0,F S,Nice,3,3.784680046141148,4.035777654498816,1.1308052726089954,ligue_1,2021-2022
8637,Burak Yilmaz,16,1228,4,7.036236317828298,3,3.950443964451552,42,14,5,0,F S,Lille,3,6.276141183450818,8.990533713251352,1.2969895377755165,ligue_1,2021-2022
9182,Sepe Elye Wahi,16,616,4,2.410226197913289,0,0.4713747836649418,15,9,1,0,F M S,Montpellier,4,2.410226197913289,2.717321341857314,0.2187068611383438,ligue_1,2021-2022
9345,Ahmadou Bamba Dieng,13,523,4,3.693100113421679,0,0.0,21,1,0,0,F M S,Marseille,4,3.693100113421679,3.40323231741786,0.2544719278812408,ligue_1,2021-2022
9630,Kamaldeen Sulemana,17,988,4,2.193697093054652,2,2.152241710573435,24,18,3,0,F M S,Rennes,4,2.193697093054652,6.529342154040933,2.460313757881522,ligue_1,2021-2022
9633,Przemyslaw Frankowski,18,1397,4,2.2097889743745327,4,2.630047301761806,23,21,1,0,D M S,Lens,4,2.2097889743745327,9.397377900779247,5.676311148330569,ligue_1,2021-2022
9648,Elbasan Rashani,14,818,4,1.5539392344653606,2,1.7331224232912064,11,8,1,0,M S,Clermont Foot,4,1.5539392344653606,4.952025149017572,3.0192014556378126,ligue_1,2021-2022
552,Ander Herrera,13,770,3,0.8914460316300392,2,1.009025113657117,9,12,0,0,M S,Paris Saint Germain,3,0.8914460316300392,6.425788467749953,5.237113129347563,ligue_1,2021-2022
668,Idrissa Gueye,14,1009,3,0.5393482828512788,0,1.5256622694432735,13,12,1,0,M S,Paris Saint Germain,3,0.5393482828512788,7.005078002810478,5.488331288099289,ligue_1,2021-2022
1039,Jason Denayer,14,901,3,1.6229111924767494,0,0.0,5,0,2,0,D S,Lyon,3,1.6229111924767494,3.827507123351097,3.827507123351097,ligue_1,2021-2022
1258,Gerson,16,938,3,2.5095180068165064,2,1.4149235654622316,12,11,1,0,F M S,Marseille,3,2.5095180068165064,5.167956100776792,2.2334425821900368,ligue_1,2021-2022
1513,Mauro Icardi,14,605,3,3.782645978033543,0,0.3699866980314255,14,5,1,0,F S,Paris Saint Germain,3,3.782645978033543,4.414743818342686,0.3030471131205559,ligue_1,2021-2022
2099,Neymar,10,840,3,3.668838202953338,3,2.868376765400172,20,23,2,0,F M,Paris Saint Germain,2,2.9087430834770203,9.963017225265505,5.553030788898468,ligue_1,2021-2022
3297,Marquinhos,13,1170,3,1.716219037771225,0,0.2585387071594596,9,4,2,0,D,Paris Saint Germain,3,1.716219037771225,7.407736893743277,6.24009894952178,ligue_1,2021-2022
3348,Florian Sotoca,17,1191,3,5.7695637587457895,4,2.638912276364863,32,15,3,0,F M S,Lens,1,4.24937348999083,8.005542394705117,4.525394594296813,ligue_1,2021-2022
3487,Ismael Traoré,17,1530,3,2.583299266174436,0,0.1589711206033826,12,3,1,0,D,Angers,3,2.583299266174436,2.4920506309717894,2.441439503803849,ligue_1,2021-2022
3553,Ángel Di María,12,875,3,2.976750183850527,3,3.364779461175204,24,25,2,0,F M S,Paris Saint Germain,3,2.976750183850527,7.557149771600962,2.8588797599077225,ligue_1,2021-2022
3781,Denis Bouanga,17,1108,3,3.4388646446168423,0,0.6911618690937757,41,10,2,1,D F M S,Saint-Etienne,3,3.4388646446168423,3.986681921407581,0.6673546470701694,ligue_1,2021-2022
5197,Achraf Hakimi,17,1334,3,1.0823418870568275,2,3.3951705247163773,11,16,2,1,D S,Paris Saint Germain,3,1.0823418870568275,9.366029430180788,6.113644823431969,ligue_1,2021-2022
5733,Houssem Aouar,17,1366,3,3.913152407854796,2,2.439568415284157,39,15,0,0,F M S,Lyon,3,3.913152407854796,10.215756125748158,4.793065115809441,ligue_1,2021-2022
5757,Farid Boulaya,10,653,3,0.7004360156133771,1,1.6873831674456596,8,15,0,1,F M S,Metz,3,0.7004360156133771,1.9793808115646243,1.1750420480966568,ligue_1,2021-2022
5759,Matteo Guendouzi,17,1340,3,1.887045431882143,3,1.324083155952394,20,14,3,0,M S,Marseille,3,1.887045431882143,8.928307108581066,6.806313715875149,ligue_1,2021-2022
6019,Angelo Fulgini,17,1415,3,4.123277500271797,2,1.2709040511399508,32,13,3,0,F M,Angers,3,4.123277500271797,7.0979370549321175,3.444682754576206,ligue_1,2021-2022
6112,Andrei Girotto,18,1570,3,1.5073304027318954,0,0.7822527289390564,24,5,5,0,D M,Nantes,3,1.5073304027318954,2.231307811103761,1.3783689253032207,ligue_1,2021-2022
6238,Ignatius Ganago,12,585,3,2.248530048877001,0,0.4637878015637398,17,5,2,0,F S,Lens,3,2.248530048877001,3.428847163915634,0.8155780993402004,ligue_1,2021-2022
6884,Remi Oudin,16,926,3,1.8683608453720808,3,2.574192937463522,24,12,1,0,D F M S,Bordeaux,3,1.8683608453720808,5.136068820953369,1.105041055008769,ligue_1,2021-2022
7012,Gelson Martins,17,1143,3,4.291332647204399,2,1.3551792185753584,18,12,1,0,D F M S,Monaco,3,4.291332647204399,7.084590381011367,2.096366693265736,ligue_1,2021-2022
7747,Mama Baldé,16,1034,3,3.631964763626456,1,1.047008198685944,20,11,0,0,D F M S,Troyes,3,3.631964763626456,5.840509733185172,1.935661617666483,ligue_1,2021-2022
152,Julian Draxler,10,372,2,1.6206103414297104,2,0.735381593927741,7,5,0,0,F M S,Paris Saint Germain,2,1.6206103414297104,4.551368207670748,2.331736977212131,ligue_1,2021-2022
1022,Pedro Chirivella,16,1409,2,0.3710274184122681,1,0.3841531202197075,9,10,4,0,M,Nantes,2,0.3710274184122681,4.349472694098949,3.954849880188704,ligue_1,2021-2022
2549,Gaël Kakuta,15,954,2,2.2011106200516224,1,2.2160744313150644,25,14,1,0,M S,Lens,2,2.2011106200516224,6.885172575712204,3.266387350857258,ligue_1,2021-2022
2897,Aleksandr Golovin,13,697,2,1.692053597420454,2,1.5478179641067982,13,19,1,1,F M S,Monaco,2,1.692053597420454,4.7169463988393545,2.327605877071619,ligue_1,2021-2022
3477,Jimmy Briand,11,156,2,1.6256462833844123,1,0.7659367620944977,7,9,1,0,F S,Bordeaux,1,0.8655511415563524,1.8928323648869991,0.8619080521166325,ligue_1,2021-2022
3488,Romain Thomas,18,1620,2,1.279894609004259,0,0.0701213208958506,8,2,3,0,D,Angers,2,1.279894609004259,3.998261444270611,3.5923116728663445,ligue_1,2021-2022
4770,Yoann Touzghar,15,1007,2,3.3494142927229404,0,0.5443062856793404,19,14,0,0,F S,Troyes,2,3.3494142927229404,5.045995173975825,1.3348981561139226,ligue_1,2021-2022
4773,Benjamin Bourigeaud,18,1526,2,1.952363334596157,4,5.005600333213806,21,57,1,0,F M,Rennes,2,1.952363334596157,9.50320846773684,6.243499068543315,ligue_1,2021-2022
5655,Flavien Tait,14,1226,2,1.6174313463270664,3,2.655763490125537,21,23,1,0,M,Rennes,2,1.6174313463270664,9.464439436793327,5.904687877744436,ligue_1,2021-2022
5676,Opa Nguette,11,468,2,1.590046413242817,2,0.1514865150675177,14,6,0,0,F M S,Metz,2,1.590046413242817,1.6582984626293182,0.7912794053554535,ligue_1,2021-2022
5724,Irvin Cardona,17,750,2,0.9944995176047088,1,0.70922199357301,15,7,1,0,F M S,Brest,2,0.9944995176047088,2.7621109979227185,1.2806928399950266,ligue_1,2021-2022
5963,Thomas Monconduit,15,867,2,0.4399863444268703,1,0.8212126241996884,15,9,2,0,M S,Lorient,2,0.4399863444268703,2.4402115121483803,1.8515915870666504,ligue_1,2021-2022
5980,Stéphane Bahoken,16,450,2,2.2030159439891577,0,0.0527226012200117,10,2,0,0,F S,Angers,2,2.2030159439891577,1.1945523750036957,0.0,ligue_1,2021-2022
5988,Ibrahima Niane,16,1073,2,3.5410402175039053,1,1.6825289875268936,32,9,1,0,F S,Metz,1,2.7809450831264257,3.973893031477928,0.8509904155507684,ligue_1,2021-2022
6000,Tristan Dingome,11,498,2,0.7625694293528795,4,1.899502960965037,11,14,2,0,F M S,Troyes,2,0.7625694293528795,2.1915103513747454,0.1023105820640921,ligue_1,2021-2022
6878,Youcef Atal,12,847,2,0.604400540702045,0,0.726360285654664,10,10,4,0,D S,Nice,2,0.604400540702045,3.754431989043951,2.66010669246316,ligue_1,2021-2022
6935,Naif Aguerd,18,1613,2,1.6443826146423817,1,0.2110627889633178,17,2,1,0,D,Rennes,2,1.6443826146423817,6.435946475714445,6.314993765205145,ligue_1,2021-2022
7169,Moses Simon,17,1354,2,2.8262089788913727,6,5.4313186183571815,25,41,2,0,F M S,Nantes,2,2.8262089788913727,7.620120510458946,1.93790540099144,ligue_1,2021-2022
7570,Moreto Cassamã,13,622,2,0.6463754754513502,0,0.1248038727790117,11,5,0,0,M S,Reims,2,0.6463754754513502,3.2512227408587933,2.591671174392104,ligue_1,2021-2022
7736,Brendan Chardonnet,15,1350,2,0.7818074971437454,0,0.2297878935933113,6,6,3,0,D,Brest,2,0.7818074971437454,2.416204293258488,2.3048465298488736,ligue_1,2021-2022
8050,Hichem Boudaoui,12,712,2,0.6933158747851849,1,1.440194956958294,7,5,3,0,M S,Nice,2,0.6933158747851849,3.2195892836898565,1.8608865719288588,ligue_1,2021-2022
8328,Azz-Eddine Ounahi,17,842,2,1.28020635060966,0,0.5740752052515745,14,10,2,0,M S,Angers,2,1.28020635060966,3.272962411865592,2.431855008006096,ligue_1,2021-2022
8330,Jean Onana,10,844,2,0.606408922933042,1,0.848320996388793,9,10,2,1,M,Bordeaux,2,0.606408922933042,5.115023732185364,3.825156729668379,ligue_1,2021-2022
8640,Adrien Truffert,11,559,2,1.20382896438241,1,0.8635597173124552,9,7,0,0,D S,Rennes,2,1.20382896438241,4.133516119793057,2.2196311000734568,ligue_1,2021-2022
8646,Wout Faes,18,1620,2,0.4139239378273487,0,0.0848961621522903,8,1,2,0,D,Reims,2,0.4139239378273487,1.628560457378626,1.599741879850626,ligue_1,2021-2022
8650,Julien Laporte,17,1456,2,1.0087926192209125,0,0.169537192210555,7,4,4,0,D,Lorient,2,1.0087926192209125,1.960459351539612,1.814214054495096,ligue_1,2021-2022
8685,Mohamed Ali-Cho,18,1187,2,4.120864629745483,0,1.2629904597997663,28,7,2,0,F S,Angers,2,4.120864629745483,7.086293421685696,2.399080369621516,ligue_1,2021-2022
8691,Saidou Sow,11,837,2,0.6079206801950932,1,0.8501636479049921,3,3,2,0,D S,Saint-Etienne,2,0.6079206801950932,0.791509548202157,0.7369731348007917,ligue_1,2021-2022
8697,Jonathan Clauss,17,1425,2,1.6189024485647678,7,4.349317932501435,13,34,3,0,D M S,Lens,2,1.6189024485647678,9.569246955215933,5.96863579377532,ligue_1,2021-2022
8997,Terem Igobor Moffi,17,1372,2,3.99115495942533,3,1.978494826704264,31,15,0,0,F S,Lorient,1,3.231059839949012,5.636894349008799,0.6259511299431324,ligue_1,2021-2022
771,Georginio Wijnaldum,15,751,1,1.7952469661831856,1,1.245955854654312,12,4,0,0,M S,Paris Saint Germain,1,1.7952469661831856,7.559515327215195,4.7038402911275625,ligue_1,2021-2022
888,Xherdan Shaqiri,8,576,1,0.6363396253436804,2,1.5912931933999062,9,12,0,0,M,Lyon,1,0.6363396253436804,2.705340087413788,1.3659429959952831,ligue_1,2021-2022
1126,M&#039;Baye Niang,7,115,1,1.1582521572709084,0,0.7111988365650177,12,2,2,0,S,Bordeaux,1,1.1582521572709084,1.5421199202537537,0.0526597816497087,ligue_1,2021-2022
1245,Emerson,14,1138,1,0.3034089170396328,1,1.784573869779706,7,16,1,1,D S,Lyon,1,0.3034089170396328,6.21197048202157,5.932514268904924,ligue_1,2021-2022
1461,Pol Lirola,14,832,1,0.5997167620807886,1,2.1689063906669617,6,11,0,0,D M S,Marseille,1,0.5997167620807886,4.206452708691359,1.6200794465839865,ligue_1,2021-2022
1583,Arkadiusz Milik,9,545,1,2.94062116369605,0,0.580436497926712,21,6,0,0,F S,Marseille,1,2.94062116369605,3.349658664315939,0.7232630234211683,ligue_1,2021-2022
1682,Islam Slimani,11,566,1,1.9936815230175853,1,0.8291244618594646,10,5,3,0,F S,Lyon,1,1.9936815230175853,4.820058042183518,2.178905673325062,ligue_1,2021-2022
1932,Sanjin Prcic,14,899,1,0.3654020950198173,0,0.4143378287553787,13,7,1,0,M S,Strasbourg,1,0.3654020950198173,5.10340987611562,4.781227568164468,ligue_1,2021-2022
2063,Timothée Kolodziejczak,15,1277,1,1.2904502227902412,2,0.4688338716514408,8,10,2,1,D,Saint-Etienne,1,1.2904502227902412,2.2130829063244164,1.8860175618901849,ligue_1,2021-2022
2097,Lionel Messi,10,779,1,4.29854379594326,4,3.4341222681105137,39,23,0,0,F M S,Paris Saint Germain,1,4.29854379594326,9.168693482875824,3.681522224098444,ligue_1,2021-2022
2199,Pablo Sarabia,2,19,1,0.7712407112121582,0,0.0,1,0,1,0,S,Paris Saint Germain,1,0.7712407112121582,0.7712407112121582,0.0,ligue_1,2021-2022
2412,Adil Rami,6,493,1,0.1196726504713296,0,0.0706953033804893,2,1,0,0,D S,Troyes,1,0.1196726504713296,0.5083647035062313,0.5083647035062313,ligue_1,2021-2022
3223,Benjamin André,17,1482,1,0.6471604462713003,1,0.881664801388979,4,7,5,0,M,Lille,1,0.6471604462713003,6.765979923307896,5.975761245936155,ligue_1,2021-2022
3239,Hamari Traore,16,1393,1,1.168616395443678,4,2.7115091029554605,16,19,2,0,D,Rennes,1,1.168616395443678,7.55110190808773,6.710960373282433,ligue_1,2021-2022
3304,Maxime Le Marchand,8,647,1,0.4374709203839302,0,0.0467078946530818,3,1,4,0,D S,Strasbourg,1,0.4374709203839302,2.660791963338852,2.5431267619133,ligue_1,2021-2022
3346,Jonas Martin,10,839,1,0.4608356254175305,0,0.24244025349617,11,5,4,0,M,Rennes,1,0.4608356254175305,4.993839161470532,4.5167699828743935,ligue_1,2021-2022
3464,Vincent Le Goff,15,1350,1,0.6211823439225554,0,1.2596493121236565,13,12,1,0,D M,Lorient,1,0.6211823439225554,3.4570975862443447,2.2717911172658205,ligue_1,2021-2022
3626,Mexer,13,960,1,0.0877075530588626,0,0.0,3,0,1,0,D S,Bordeaux,1,0.0877075530588626,3.1657613404095173,3.1657613404095173,ligue_1,2021-2022
3738,Sehrou Guirassy,18,513,1,2.5247275698930025,0,0.1514151766896248,19,2,0,0,F S,Rennes,1,2.5247275698930025,3.020505892112851,0.6567241903394461,ligue_1,2021-2022
4768,Wylan Cyprien,11,616,1,0.3340312410145998,1,1.3039716333150864,8,14,0,0,M S,Nantes,1,0.3340312410145998,1.1998895686119797,0.4978172909468412,ligue_1,2021-2022
5228,Renato Sanches,10,628,1,0.2037513609975576,1,1.05454077757895,6,14,2,0,F M S,Lille,1,0.2037513609975576,4.573343308642507,3.972315256483853,ligue_1,2021-2022
5624,Yunis Abdelhamid,17,1530,1,0.8435292327776551,0,0.2221731133759021,11,5,3,0,D,Reims,1,0.8435292327776551,1.9138483656570315,1.6576910940930247,ligue_1,2021-2022
5661,Jonathan Ikone,18,1091,1,2.558203803375364,0,2.2595845432952046,22,16,1,0,F M S,Lille,1,2.558203803375364,7.630584329366684,3.809698099270463,ligue_1,2021-2022
5684,Arnaud Nordin,17,803,1,1.282869883812964,3,1.8531243707984688,16,17,2,0,F M S,Saint-Etienne,1,1.282869883812964,3.816822348162532,2.02968867123127,ligue_1,2021-2022
5686,Digbo Maiga,13,1012,1,0.4678424913436174,0,0.5071096997708082,8,10,4,0,D M,Metz,1,0.4678424913436174,1.4542600233107803,0.7848084131255746,ligue_1,2021-2022
5704,Xeka,12,929,1,0.8243782930076122,0,1.0838891584426165,12,9,6,0,M S,Lille,1,0.8243782930076122,3.395644012838602,2.292829407379031,ligue_1,2021-2022
5717,Amine Harit,8,405,1,0.3712278604507446,1,0.9227478578686714,6,13,1,0,D F M S,Marseille,1,0.3712278604507446,1.7204400449991226,0.8536956533789635,ligue_1,2021-2022
5745,Matthieu Udol,12,1008,1,0.6596513483673334,0,0.1528173666447401,5,5,0,0,D S,Metz,1,0.6596513483673334,2.360847471281886,1.710013089701533,ligue_1,2021-2022
5753,Mickael Nade,11,888,1,1.3286035507917404,0,0.080382733605802,4,3,2,0,D S,Saint-Etienne,1,1.3286035507917404,1.7138643749058249,1.617583630606532,ligue_1,2021-2022
5789,Boubacar Kamara,14,1017,1,0.3298432072624564,0,0.6836495567113161,10,9,3,0,M S,Marseille,1,0.3298432072624564,5.064803319051862,4.532668933272362,ligue_1,2021-2022
5958,Oualid El Hajjam,14,868,1,0.406744122505188,1,0.8654111847281456,9,5,2,0,D S,Troyes,1,0.406744122505188,2.292756162583828,2.0680236108601093,ligue_1,2021-2022
5978,Dmitri Lienard,17,893,1,0.742447379976511,2,1.3446198925375938,9,14,1,0,D M S,Strasbourg,1,0.742447379976511,4.41915063932538,3.3257801607251167,ligue_1,2021-2022
6007,Nicolas Cozza,16,1249,1,0.6475082468241453,1,0.2322687022387981,2,7,1,0,D S,Montpellier,1,0.6475082468241453,2.641482444480061,2.4961833152920008,ligue_1,2021-2022
6011,Thiago Mendes,13,531,1,0.1933075496926903,0,0.4111592546105385,6,5,1,0,M S,Lyon,1,0.1933075496926903,2.2059968784451485,1.798819750547409,ligue_1,2021-2022
6014,Rominigue Kouame,18,1606,1,1.0070271901786327,1,0.9094224413856864,18,13,2,0,M,Troyes,1,1.0070271901786327,5.312480427324772,3.9661639258265495,ligue_1,2021-2022
6232,Kalifa Coulibaly,10,333,1,0.7973102033138275,0,0.4919560048729181,5,5,1,0,F S,Nantes,1,0.7973102033138275,1.7201453726738691,0.5777969304472208,ligue_1,2021-2022
6239,Junior Sambia,16,976,1,1.229005927219987,0,0.3370882514864206,12,7,1,1,D M S,Montpellier,1,1.229005927219987,2.2219643304124475,0.7944047590717673,ligue_1,2021-2022
6560,Aurelien Tchouameni,17,1371,1,1.3305086605250835,0,1.2406853772699833,31,4,3,0,M S,Monaco,1,1.3305086605250835,4.849023586139083,4.249727653339505,ligue_1,2021-2022
6762,Yacine Adli,18,1220,1,0.7168474663048983,5,3.2153348829597235,15,38,2,0,F M S,Bordeaux,1,0.7168474663048983,7.436544254422188,4.543788854032755,ligue_1,2021-2022
6816,Jean-Clair Todibo,18,1507,1,1.9858674257993696,0,0.4519378673285246,11,11,3,0,D S,Nice,1,1.9858674257993696,5.0454386584460735,4.784754956141114,ligue_1,2021-2022
6864,Renaud Ripart,16,1185,1,1.93749644421041,1,2.1025328543037176,26,11,0,0,D F M S,Troyes,1,1.93749644421041,5.146256636828184,2.702937738969922,ligue_1,2021-2022
6882,Ghislain Konan,16,1398,1,0.3103317776694894,1,2.385295484215021,13,17,1,0,D M,Reims,1,0.3103317776694894,4.263718370348215,2.766422735527158,ligue_1,2021-2022
6885,Axel Disasi,15,1207,1,1.210899647325277,0,0.1518215164542198,7,2,2,0,D S,Monaco,1,1.210899647325277,3.795277919620276,3.678265567868948,ligue_1,2021-2022
6904,Ibrahima Sissoko,15,1112,1,0.9768050014972688,4,3.396583618596196,12,15,3,0,D M S,Strasbourg,1,0.9768050014972688,6.8099065721035,3.949376314878464,ligue_1,2021-2022
6947,Samuel Kalu,10,315,1,1.160245217382908,1,0.5048534274101257,13,2,1,0,F M S,Bordeaux,1,1.160245217382908,1.2535262703895569,0.1481958795338869,ligue_1,2021-2022
6963,Justin Kluivert,9,577,1,0.9675542656332254,2,2.1305503211915493,8,13,2,0,M S,Nice,1,0.9675542656332254,3.55501888692379,0.9298199489712716,ligue_1,2021-2022
7007,Duje Caleta-Car,7,587,1,0.2275877967476844,0,0.0,3,0,2,0,D,Marseille,1,0.2275877967476844,1.24674179777503,1.24674179777503,ligue_1,2021-2022
7151,Thomas Foket,13,1053,1,0.2634228989481926,0,0.7370114829391241,3,8,2,0,D M S,Reims,1,0.2634228989481926,1.837279550731182,0.9999408759176732,ligue_1,2021-2022
7265,Kephren Thuram,18,720,1,0.1748608108609914,2,1.847901705652476,5,14,1,0,M S,Nice,1,0.1748608108609914,4.562311267480254,2.7076393887400627,ligue_1,2021-2022
7719,Nathanael Mbuku,15,701,1,0.7780687306076288,0,0.7027354352176189,13,7,0,0,F M S,Reims,1,0.7780687306076288,2.266230758279562,1.045767905190587,ligue_1,2021-2022
7730,Jean-Charles Castelletto,15,1348,1,0.8954299166798592,0,0.115937303751707,10,4,4,0,D,Nantes,1,0.8954299166798592,1.575278751552105,1.513201929628849,ligue_1,2021-2022
7751,Miguel Trauco,9,703,1,0.2077842308208346,0,0.0795388175174593,7,4,2,0,D S,Saint-Etienne,1,0.2077842308208346,1.9189588073641064,1.731295139528811,ligue_1,2021-2022
7754,Tiago Djaló,13,1106,1,1.1713834032416344,1,0.3589990139007568,7,3,2,0,D S,Lille,1,1.1713834032416344,4.331412210129201,3.9223944386467338,ligue_1,2021-2022
7756,Yusuf Yazici,15,498,1,0.9630159074440598,1,1.662000795826316,10,11,3,0,F M S,Lille,1,0.9630159074440598,1.3300099223852158,0.3010439164936542,ligue_1,2021-2022
7762,Jean-Ricner Bellegarde,17,1128,1,0.4683439414948225,1,1.0178402392193675,10,9,2,0,M S,Strasbourg,1,0.4683439414948225,4.396013271063566,3.42053771018982,ligue_1,2021-2022
7908,Marshall Munetsi,10,766,1,0.9873463353142142,0,0.0160532630980014,13,1,3,0,M S,Reims,1,0.9873463353142142,2.014604926109314,1.0592250982299447,ligue_1,2021-2022
8006,Evann Guessand,7,131,1,0.8339362516999245,1,0.5156797170639038,3,1,2,0,F S,Nice,1,0.8339362516999245,1.2949585616588593,0.0,ligue_1,2021-2022
8190,Melvin Bard,16,1334,1,0.6146402573212981,1,1.045222282409668,3,6,2,0,D S,Nice,1,0.6146402573212981,5.875151637941599,4.264941055327654,ligue_1,2021-2022
8244,Dylan Bronn,16,1440,1,1.470312813296914,1,0.7281875237822533,11,3,6,1,D,Metz,1,1.470312813296914,1.975820804014802,1.8540479559451344,ligue_1,2021-2022
8294,El Bilal Touré,13,763,1,3.886167641729117,2,1.0724928677082062,23,9,2,0,F M S,Reims,0,3.126072522252798,3.8262179903686047,0.6481843255460262,ligue_1,2021-2022
8635,Sven Botman,11,990,1,1.170176088809967,0,0.0226808339357376,4,1,1,0,D,Lille,1,1.170176088809967,2.8249059915542603,2.802225157618522,ligue_1,2021-2022
8653,Adrian Grbic,16,501,1,1.3186312932521105,0,0.511508472263813,12,4,0,0,F S,Lorient,1,1.3186312932521105,1.5817312858998775,0.0155448401346802,ligue_1,2021-2022
8664,Facundo Medina,16,1275,1,1.6581595912575722,0,0.0805359631776809,6,2,6,0,D S,Lens,1,1.6581595912575722,6.619238326326013,5.867566999047995,ligue_1,2021-2022
8669,Simon Banza,4,117,1,1.0720713641494513,1,0.4638235550373792,6,2,0,0,F S,Lens,1,1.0720713641494513,1.5358949210494757,0.0,ligue_1,2021-2022
8687,Kiki Kouyate,14,1228,1,0.8440218577161431,0,0.0556474514305591,8,2,3,1,D,Metz,1,0.8440218577161431,1.5715284366160631,1.469086630269885,ligue_1,2021-2022
8690,Jean-Phillipe Krasso,15,415,1,1.7855320945382118,1,0.5344485193490982,11,5,0,0,F S,Saint-Etienne,1,1.7855320945382118,1.990375388413668,0.2549847457557916,ligue_1,2021-2022
8701,Timothee Pembele,17,808,1,1.3233371451497078,0,1.7133729010820389,15,10,2,0,D M S,Bordeaux,1,1.3233371451497078,3.908449165523052,1.1780388429760933,ligue_1,2021-2022
8759,David Pereira Da Costa,13,394,1,0.6624122280627489,1,0.7242729142308235,6,8,1,0,F M S,Lens,1,0.6624122280627489,2.0013943230733275,0.788692488335073,ligue_1,2021-2022
8970,Sékou Mara,12,398,1,1.6447731871157885,0,0.016124902293086,18,1,1,0,F S,Bordeaux,1,1.6447731871157885,1.503911778330803,0.0709295868873596,ligue_1,2021-2022
8981,Jéremy Doku,6,196,1,0.8809016197919846,0,0.1495123878121376,3,2,1,0,F M S,Rennes,1,0.8809016197919846,1.0958805978298187,0.1940355822443962,ligue_1,2021-2022
9021,Pape Sarr,18,1254,1,0.8936792593449354,1,0.7438195757567883,18,12,5,0,F M S,Metz,1,0.8936792593449354,2.62031652033329,1.6683213412761688,ligue_1,2021-2022
9060,Danilo Pereira,12,835,1,0.814145983196795,0,0.0824661925435066,5,2,2,0,M S,Paris Saint Germain,1,0.814145983196795,4.519429922103882,4.336967766284943,ligue_1,2021-2022
9279,Krépin Diatta,8,287,1,0.1087390463799238,0,0.1656272858381271,3,3,0,0,D M S,Monaco,1,0.1087390463799238,0.5724440291523933,0.2980777155607939,ligue_1,2021-2022
9298,Alexis Flips,13,587,1,0.9844370288774372,3,2.4608262591063976,9,15,2,0,D F M S,Reims,0,0.2243418656289577,2.7371769454330206,1.0417244844138622,ligue_1,2021-2022
9451,Chimuanya Ugochukwu,11,342,1,0.2628515344113111,0,0.1354040093719959,4,3,1,0,M S,Rennes,1,0.2628515344113111,1.5473159216344357,1.263348812237382,ligue_1,2021-2022
9612,Myron Boadu,17,640,1,1.878577809780836,1,0.7082735635340214,10,4,0,0,F S,Monaco,1,1.878577809780836,3.985329336486757,1.4114264538511634,ligue_1,2021-2022
9640,Florent Ogier,17,1439,1,0.7787337768822908,0,0.2951759286224842,6,2,3,0,D,Clermont Foot,1,0.7787337768822908,4.226230984553695,4.226230984553695,ligue_1,2021-2022
9641,Vital N&#039;Simba,18,1413,1,0.3612594678997993,2,1.2688630213961003,15,13,1,0,D S,Clermont Foot,1,0.3612594678997993,4.512424794957042,3.514592405408621,ligue_1,2021-2022
9643,Jodel Dossou,18,1153,1,3.1009039310738444,1,1.6834307741373775,32,15,1,0,M S,Clermont Foot,1,3.1009039310738444,5.4423483572900295,0.8233001921325922,ligue_1,2021-2022
9644,Jason Berthomier,16,1084,1,1.3534407243132591,3,2.5162714552134275,15,33,0,0,M S,Clermont Foot,1,1.3534407243132591,6.281842799857259,4.170942174270749,ligue_1,2021-2022
9656,Ilan Kebbal,16,1068,1,0.7768987631425261,4,2.014169804751873,16,24,1,0,F M S,Reims,1,0.7768987631425261,4.3612196408212185,2.2311600632965565,ligue_1,2021-2022
9659,Bradley Locko,6,171,1,0.0306475330144166,0,0.1298244185745716,1,2,1,0,D S,Reims,1,0.0306475330144166,0.6531390063464642,0.4926670491695404,ligue_1,2021-2022
9806,Ricardo Mangas,16,1394,1,0.6890663560479879,1,0.1887551434338092,10,7,2,0,D,Bordeaux,1,0.6890663560479879,3.72851929999888,3.227362485602498,ligue_1,2021-2022
9919,Calvin Stengs,13,712,1,2.987953735515476,0,1.1868832670152187,15,14,1,0,M S,Nice,1,2.987953735515476,6.259722216054797,2.402275824919343,ligue_1,2021-2022
9931,Lovro Majer,10,524,1,1.9960903283208609,4,3.626381885260344,16,19,1,0,M S,Rennes,1,1.9960903283208609,9.034897593781352,4.49307251162827,ligue_1,2021-2022
9943,Moritz Jenz,8,690,1,1.176982145756483,0,0.065475083887577,6,2,1,1,D,Lorient,1,1.176982145756483,0.8594818878918886,0.8594818878918886,ligue_1,2021-2022
9979,N&#039;Dri Koffi,8,209,1,0.9517178237438202,0,0.154296213760972,7,3,1,0,F S,Reims,1,0.9517178237438202,1.337885245680809,0.3791053667664528,ligue_1,2021-2022
9980,Stian Rode Gregersen,13,1087,1,1.5399446189403534,0,0.0,6,0,4,0,D S,Bordeaux,1,1.5399446189403534,2.4575524609535933,2.4575524609535933,ligue_1,2021-2022
9984,Gerson Rodrigues,9,582,1,1.1990267783403397,0,0.3264823369681835,13,6,5,0,F M S,Troyes,1,1.1990267783403397,1.9515630528330803,0.4359183702617883,ligue_1,2021-2022
10132,Yohann Magnin,4,282,1,0.6362398266792297,0,0.0,4,0,1,0,D M S,Clermont Foot,1,0.6362398266792297,0.8961414750665426,0.2599016111344099,ligue_1,2021-2022
93,Marcelo,2,180,0,0.0676137953996658,0,0.0,2,0,1,0,D,Lyon,0,0.0676137953996658,0.6549514979124069,0.6549514979124069,ligue_1,2021-2022
148,Dante,17,1481,0,0.4066524589434266,0,0.3960201554000377,10,3,3,0,D S,Nice,0,0.4066524589434266,5.511230211704969,5.471215687692165,ligue_1,2021-2022
220,Jérôme Boateng,12,923,0,0.0724598318338394,1,1.0598477199673653,2,6,3,0,D S,Lyon,0,0.0724598318338394,3.067818650044501,2.9325842345133424,ligue_1,2021-2022
414,Juan Bernat,7,471,0,0.0,0,0.8421419858932495,0,2,1,0,D S,Paris Saint Germain,0,0.0,3.6208046600222574,3.203151933848858,ligue_1,2021-2022
485,Mamadou Sakho,14,1256,0,0.0,0,0.0258354488760232,0,1,2,0,D,Montpellier,0,0.0,1.7949885074049234,1.7691530603915453,ligue_1,2021-2022
494,Laurent Koscielny,10,848,0,0.0,1,0.1573636718094349,0,2,2,0,D,Bordeaux,0,0.0,1.151174733415246,0.993811059743166,ligue_1,2021-2022
551,Morgan Schneiderlin,6,132,0,0.1431130319833755,1,0.111175924539566,2,2,0,0,M S,Nice,0,0.1431130319833755,0.4009780529886484,0.1674246620386839,ligue_1,2021-2022
686,Cesc Fàbregas,2,31,0,0.0,0,0.0773657262325286,0,2,0,0,S,Monaco,0,0.0,0.0286017935723066,0.0,ligue_1,2021-2022
834,José Fonte,18,1620,0,0.4091701228171587,2,0.4233685508370399,7,4,1,0,D,Lille,0,0.4091701228171587,5.748722253367305,5.6613040287047625,ligue_1,2021-2022
925,Patrick Roberts,1,11,0,0.09515430778265,0,0.0,1,0,0,0,S,Troyes,0,0.09515430778265,0.09515430778265,0.0,ligue_1,2021-2022
943,Massadio Haidara,9,276,0,0.1623279750347137,0,0.0,2,0,2,0,D S,Lens,0,0.1623279750347137,1.4544077217578888,1.4202909022569656,ligue_1,2021-2022
961,Jordan Amavi,2,132,0,0.0,0,0.0271614827215671,0,1,0,0,D,Marseille,0,0.0,0.1924411058425903,0.1652796119451522,ligue_1,2021-2022
1116,Gianluigi Donnarumma,8,720,0,0.0,0,0.0,0,0,1,0,GK,Paris Saint Germain,0,0.0,1.9505523834377527,1.9505523834377527,ligue_1,2021-2022
1248,Leandro Paredes,7,296,0,0.0127897802740335,1,0.098323568701744,1,1,1,0,M S,Paris Saint Germain,0,0.0127897802740335,3.326198011636734,3.21508464217186,ligue_1,2021-2022
1299,Mario Lemina,17,1210,0,0.9391120532527566,0,0.2197671141475439,5,3,3,0,M S,Nice,0,0.9391120532527566,5.170213211327791,4.940043825656176,ligue_1,2021-2022
1326,Assane Diousse,2,9,0,0.0,0,0.0,0,0,0,0,S,Saint-Etienne,0,0.0,0.0,0.0,ligue_1,2021-2022
1455,Alfred Gomis,17,1530,0,0.0,0,0.0,0,0,0,0,GK,Rennes,0,0.0,1.911065608263016,1.911065608263016,ligue_1,2021-2022
1670,Steve Mandanda,4,360,0,0.0,0,0.0544294714927673,0,1,0,0,GK,Marseille,0,0.0,0.341107964515686,0.2866784930229187,ligue_1,2021-2022
1752,Fabio,12,839,0,0.3690027091652155,0,0.2385678701102733,6,4,4,1,D S,Nantes,0,0.3690027091652155,3.1081770211458206,2.600219495594501,ligue_1,2021-2022
1920,Gabriel Silva,3,134,0,0.0656924471259117,0,0.0339061990380287,1,2,0,0,D S,Saint-Etienne,0,0.0656924471259117,0.0889843385666608,0.0550781413912773,ligue_1,2021-2022
2072,Sergio Rico,1,20,0,0.0,0,0.0,0,0,0,0,S,Paris Saint Germain,0,0.0,0.0,0.0,ligue_1,2021-2022
2100,Rafinha,5,220,0,0.325289037078619,0,0.0645827203989029,5,2,0,0,F M S,Paris Saint Germain,0,0.325289037078619,0.940768375992775,0.643610704690218,ligue_1,2021-2022
2107,Pau López,13,1170,0,0.0,0,0.0,0,0,1,0,GK,Marseille,0,0.0,3.3136483933776617,3.3136483933776617,ligue_1,2021-2022
2242,Rubén Pardo,1,2,0,0.0,0,0.0,0,0,0,0,S,Bordeaux,0,0.0,0.0,0.0,ligue_1,2021-2022
2243,Keylor Navas,10,877,0,0.0,0,0.0,0,0,0,1,GK,Paris Saint Germain,0,0.0,3.222542241215706,3.222542241215706,ligue_1,2021-2022
2246,Sergio Ramos,1,90,0,0.0,0,0.0,0,0,0,0,D,Paris Saint Germain,0,0.0,1.867020606994629,1.867020606994629,ligue_1,2021-2022
2430,Álvaro González,6,451,0,0.1026324965059757,0,0.0,2,0,1,0,D S,Marseille,0,0.1026324965059757,1.4126906991004944,1.4126906991004944,ligue_1,2021-2022
2639,Alexander Nübel,18,1620,0,0.0,0,0.0,0,0,0,0,GK,Monaco,0,0.0,2.04076586291194,2.04076586291194,ligue_1,2021-2022
2674,Thilo Kehrer,12,864,0,0.0337241943925619,0,0.0,2,0,0,0,D S,Paris Saint Germain,0,0.0337241943925619,3.149135440587997,3.133149951696396,ligue_1,2021-2022
3201,Alban Lafont,18,1620,0,0.0,0,0.0,0,0,1,0,GK,Nantes,0,0.0,0.9745633639395236,0.9745633639395236,ligue_1,2021-2022
3218,Benoit Costil,18,1620,0,0.0,0,0.0,0,0,1,0,GK,Bordeaux,0,0.0,1.561371061950922,1.561371061950922,ligue_1,2021-2022
3251,Paul Bernardoni,12,1080,0,0.0,0,0.0,0,0,0,0,GK,Angers,0,0.0,0.5292281890287995,0.5292281890287995,ligue_1,2021-2022
3253,Frederic Guilbert,14,1144,0,0.2806687243282795,3,2.312839617021382,11,21,1,0,D S,Strasbourg,0,0.2806687243282795,6.617515614256263,6.259167570620775,ligue_1,2021-2022
3269,Anthony Lopes,16,1427,0,0.0,0,0.0,0,0,1,1,GK,Lyon,0,0.0,2.94001554697752,2.94001554697752,ligue_1,2021-2022
3271,Jérémy Morel,4,312,0,0.0511146001517772,0,0.0675502344965934,1,1,0,0,D S,Lorient,0,0.0511146001517772,1.0894820727407932,1.0383674539625645,ligue_1,2021-2022
3275,Jordan Ferri,16,1397,0,0.1122388895601034,1,2.152391020208597,5,16,5,1,M,Montpellier,0,0.1122388895601034,4.477189587429166,2.975076394155621,ligue_1,2021-2022
3278,Maxwel Cornet,1,67,0,0.0,0,0.0368853434920311,0,1,0,1,D,Lyon,0,0.0,0.7802301645278931,0.743344783782959,ligue_1,2021-2022
3318,Jean-Louis Leca,17,1487,0,0.0,0,0.0,0,0,3,0,GK,Lens,0,0.0,2.199024297297001,2.199024297297001,ligue_1,2021-2022
3322,Alexander Djiku,16,1402,0,1.5479145236313343,0,0.2339098565280437,6,5,5,1,D,Strasbourg,0,1.5479145236313343,4.87257300503552,4.653032625094056,ligue_1,2021-2022
3325,Yannick Cahuzac,13,506,0,0.0545303523540496,0,0.0,1,0,0,0,M S,Lens,0,0.0545303523540496,0.4822157118469476,0.4822157118469476,ligue_1,2021-2022
3343,Ryad Boudebouz,13,896,0,0.4104598090052604,1,1.3876146003603935,13,22,1,0,F M S,Saint-Etienne,0,0.4104598090052604,1.4857994858175516,0.8868487924337387,ligue_1,2021-2022
3344,Casimir Ninga,5,38,0,0.0,0,0.0,0,0,0,0,S,Angers,0,0.0,0.0,0.0,ligue_1,2021-2022
3354,Sébastien Corchia,12,567,0,0.3030142486095428,3,0.2214028481394052,6,4,0,1,D S,Nantes,0,0.3030142486095428,1.3873653784394264,1.2123649269342422,ligue_1,2021-2022
3357,Djibril Sidibe,10,614,0,0.1164092067629098,0,0.740426804870367,3,3,4,0,D S,Monaco,0,0.1164092067629098,2.577722080051899,2.563262987881899,ligue_1,2021-2022
3367,Youssouf Kone,11,544,0,0.1334006860852241,0,0.1865084543824196,5,5,2,0,D S,Troyes,0,0.1334006860852241,1.0601945109665394,0.9129164591431618,ligue_1,2021-2022
3412,Léo Dubois,12,919,0,0.068070076406002,0,0.6524855718016624,3,8,2,0,D S,Lyon,0,0.068070076406002,2.92199432104826,2.7471785098314285,ligue_1,2021-2022
3430,Paul Nardi,18,1620,0,0.0,0,0.0,0,0,1,0,GK,Lorient,0,0.0,1.1848841290920973,1.1848841290920973,ligue_1,2021-2022
3440,Karim Azamoum,7,379,0,0.1048477124422788,0,0.0,3,0,2,0,D S,Troyes,0,0.1048477124422788,0.5830933330580592,0.5830933330580592,ligue_1,2021-2022
3445,Corentin Jean,10,157,0,0.6629803366959095,0,0.3221797049045563,4,1,2,0,F S,Lens,0,0.6629803366959095,1.891652673482895,0.9976181387901306,ligue_1,2021-2022
3456,Jimmy Cabot,18,1607,0,0.2359190583229065,5,2.3834432531148195,10,16,2,0,D M,Angers,0,0.2359190583229065,3.6840640418231487,2.5028983876109123,ligue_1,2021-2022
3461,Majeed Waris,10,179,0,0.4307104051113128,0,0.609854631125927,5,3,1,0,M S,Strasbourg,0,0.4307104051113128,1.359746865928173,0.3378512784838676,ligue_1,2021-2022
3463,Romain Philippoteaux,1,21,0,0.0,0,0.0,0,0,0,0,S,Brest,0,0.0,0.0,0.0,ligue_1,2021-2022
3479,Marcus Coco,13,369,0,0.3226549327373504,0,0.8604672774672508,6,5,1,0,F M S,Nantes,0,0.3226549327373504,1.9622423481196165,0.7791201304644346,ligue_1,2021-2022
3486,Vincent Manceau,16,1440,0,0.0122072650119662,0,0.3960209805518389,1,2,0,0,D,Angers,0,0.0122072650119662,2.2930490784347057,1.8970281220972536,ligue_1,2021-2022
3495,Pierrick Capelle,14,544,0,0.1673649884760379,1,1.6537152286618948,6,8,1,0,M S,Angers,0,0.1673649884760379,1.6085700280964377,1.1193889006972313,ligue_1,2021-2022
3507,Vincent Pajot,16,1149,0,0.0992184951901435,0,0.0530552314594388,2,4,3,0,M S,Metz,0,0.0992184951901435,1.6906258156523108,1.6624221494421365,ligue_1,2021-2022
3509,Fabien Lemoine,10,824,0,0.012547506019473,1,0.9350268794223666,1,6,3,0,M,Lorient,0,0.012547506019473,2.0157301649451256,1.911404937505722,ligue_1,2021-2022
3517,Ronael Pierre Gabriel,17,1490,0,0.4399838633835315,1,1.9895335137844088,4,10,5,0,D,Brest,0,0.4399838633835315,4.359840612858534,2.14635156840086,ligue_1,2021-2022
3521,Dennis Appiah,15,866,0,0.0,0,0.220400471240282,0,3,1,0,D S,Nantes,0,0.0,1.6405699402093887,1.4371724128723145,ligue_1,2021-2022
3542,Damien Da Silva,6,332,0,0.0336865372955799,0,0.0,2,0,1,1,D S,Lyon,0,0.0336865372955799,1.0059648603200912,1.0059648603200912,ligue_1,2021-2022
3552,Marco Verratti,9,648,0,0.0525832064449787,0,0.4643657561391592,1,8,6,0,M S,Paris Saint Germain,0,0.0525832064449787,4.837729100137949,4.706916470080614,ligue_1,2021-2022
3561,Romain Hamouma,14,650,0,1.351837519556284,0,0.4575480706989765,16,8,2,0,F M S,Saint-Etienne,0,1.351837519556284,2.512836169451475,0.8789604026824236,ligue_1,2021-2022
3581,Jemerson,7,551,0,0.0790664963424205,0,0.5899770259857178,2,1,1,1,D,Metz,0,0.0790664963424205,0.5082970783114433,0.5082970783114433,ligue_1,2021-2022
3591,Dimitry Bertaud,5,450,0,0.0,0,0.0,0,0,0,0,GK,Montpellier,0,0.0,0.2672977373003959,0.2672977373003959,ligue_1,2021-2022
3599,Presnel Kimpembe,14,1163,0,0.5344667099416256,0,0.0233614202588796,3,1,2,0,D S,Paris Saint Germain,0,0.5344667099416256,7.003107495605946,7.003107495605946,ligue_1,2021-2022
3652,Enock Kwateng,16,1351,0,0.1627787481993436,0,0.6046137530356646,5,9,4,0,D S,Bordeaux,0,0.1627787481993436,3.579890538007021,3.293787557631731,ligue_1,2021-2022
3655,Charles Traore,12,577,0,0.0,0,0.0,0,0,2,0,D S,Nantes,0,0.0,1.3253064434975386,1.3253064434975386,ligue_1,2021-2022
3657,Kevin N&#039;Doram,9,671,0,0.7463917601853609,0,0.1191956512629985,3,6,3,0,D M,Metz,0,0.7463917601853609,2.104456335306168,2.0110297109931707,ligue_1,2021-2022
3670,Nicolas Pallois,16,1286,0,0.1766730733215809,0,0.0,4,0,3,1,D S,Nantes,0,0.1766730733215809,2.559184215962887,2.559184215962887,ligue_1,2021-2022
3673,Valentin Rongier,13,951,0,1.6999474661424756,1,0.6969163604080677,14,5,1,0,D M S,Marseille,0,1.6999474661424756,6.744256168603897,4.444201432168484,ligue_1,2021-2022
3721,Romain Del Castillo,10,277,0,0.9732741191983224,0,0.5010514631867409,5,4,0,0,F M S,"Brest,Rennes",0,0.9732741191983224,1.5129269752651453,0.4284180458635092,ligue_1,2021-2022
3729,Hassane Kamara,11,547,0,0.99575075507164,0,1.279263436794281,12,3,2,0,D M S,Nice,0,0.99575075507164,3.7627193853259087,1.6316079832613468,ligue_1,2021-2022
3741,Paul Lasne,1,10,0,0.0,0,0.0,0,0,0,0,S,Brest,0,0.0,0.0563709214329719,0.0563709214329719,ligue_1,2021-2022
3749,Jonathan Bamba,12,961,0,0.9110509259626268,1,1.2572750337421894,13,11,1,0,M S,Lille,0,0.9110509259626268,3.915667068213224,2.305745382793248,ligue_1,2021-2022
3786,Mathieu Cafaro,4,198,0,0.2570050256326794,0,0.0644049867987632,6,1,2,0,F M S,Reims,0,0.2570050256326794,0.3844530116766691,0.1816151035018265,ligue_1,2021-2022
3962,Anastasios Donis,8,226,0,0.9315768666565418,0,0.1634696498513221,9,3,0,0,F M S,Reims,0,0.9315768666565418,0.4253308363258838,0.0218476094305515,ligue_1,2021-2022
4803,Marc-Aurele Caillard,2,91,0,0.0,0,0.0,0,0,0,0,GK S,Metz,0,0.0,0.2765666246414184,0.2765666246414184,ligue_1,2021-2022
4804,Abdou Diallo,9,769,0,0.0444239452481269,1,0.6714838296175003,1,4,1,0,D,Paris Saint Germain,0,0.0444239452481269,4.014721464365721,3.7814711295068255,ligue_1,2021-2022
4811,Jean Eudes Aholou,11,418,0,0.0841163210570812,0,0.1203992888331413,4,1,0,0,M S,Strasbourg,0,0.0841163210570812,1.097499968484044,0.9293832313269376,ligue_1,2021-2022
4849,Sada Thioub,1,1,0,0.0,0,0.0,0,0,0,0,S,Angers,0,0.0,0.0,0.0,ligue_1,2021-2022
4865,Roli Pereira De Sa,7,279,0,0.4645946770906448,0,0.1980872079730034,5,2,0,0,M S,Nantes,0,0.4645946770906448,1.282492607831955,0.893684946000576,ligue_1,2021-2022
4882,Laurent Abergel,17,1499,0,1.287067834287882,1,1.642929839901626,15,16,6,0,M,Lorient,0,1.287067834287882,4.58732826821506,2.344517226330936,ligue_1,2021-2022
4886,Cédric Hountondji,13,1137,0,0.3874553516507149,0,0.023031273856759,6,1,0,0,D,Clermont Foot,0,0.3874553516507149,2.4654703363776207,2.4654703363776207,ligue_1,2021-2022
4896,Andrew Gravillon,16,1428,0,0.3692825511097908,0,0.5683726919814944,7,7,5,1,D,Reims,0,0.3692825511097908,1.7524979896843431,1.2001063581556082,ligue_1,2021-2022
5177,Caio Henrique,16,1095,0,0.2226246269419789,4,3.6082916893064976,4,13,1,0,D S,Monaco,0,0.2226246269419789,5.819996988400817,4.825776832178235,ligue_1,2021-2022
5261,Kevin Danso,16,1314,0,0.8293804824352264,0,0.0535231065005064,5,2,3,1,D S,Lens,0,0.8293804824352264,6.276554232463241,6.223031049594283,ligue_1,2021-2022
5598,Angel Gomes,10,400,0,0.134811945259571,0,0.531418189406395,3,4,1,0,M S,Lille,0,0.134811945259571,2.294125963002444,1.7887634821236134,ligue_1,2021-2022
5647,Arnaud Souquet,15,733,0,0.142739019356668,1,0.2026389259845018,5,5,0,0,D S,Montpellier,0,0.142739019356668,1.5245930813252926,1.4010508675128222,ligue_1,2021-2022
5652,Walter Benítez,18,1620,0,0.0,0,0.0,0,0,1,0,GK,Nice,0,0.0,1.1686049103736875,1.1686049103736875,ligue_1,2021-2022
5654,Baptiste Santamaria,14,788,0,0.4998641032725572,1,0.3599265143275261,11,10,4,0,M S,Rennes,0,0.4998641032725572,3.876801846548915,3.5142459608614445,ligue_1,2021-2022
5702,Jordan Tell,12,122,0,0.1847689338028431,1,0.8116701245307922,4,4,1,0,S,Clermont Foot,0,0.1847689338028431,1.338557635433972,0.3649571714922786,ligue_1,2021-2022
5736,Myziane Maolida,1,29,0,0.0403848253190517,0,0.0,1,0,0,0,S,Nice,0,0.0403848253190517,0.096705637872219,0.0563208125531673,ligue_1,2021-2022
5737,Saif-Eddine Khaoui,10,289,0,0.2783160656690597,0,0.1430018823593855,5,3,1,0,M S,Clermont Foot,0,0.2783160656690597,0.3761753048747778,0.3203857857733965,ligue_1,2021-2022
5738,Amine Bassi,3,82,0,0.014584801159799,0,0.4204503064975142,1,5,0,0,M S,Metz,0,0.014584801159799,0.0685874624177813,0.024085009470582,ligue_1,2021-2022
5742,Hugo Magnetti,12,682,0,0.2255091546103358,0,0.1183874122798442,7,3,3,0,M S,Brest,0,0.2255091546103358,1.1494359150528908,1.0294538605958223,ligue_1,2021-2022
5752,Alexis Claude Maurice,6,114,0,0.3382002329453826,1,0.5931071806699038,6,4,1,0,S,Nice,0,0.3382002329453826,0.9855911154299974,0.5088948532938957,ligue_1,2021-2022
5762,Pierre-Yves Hamel,13,286,0,1.0595702435821297,0,0.1088387630879879,8,2,2,0,F S,"Clermont Foot,Lorient",0,1.0595702435821297,1.213842592202127,0.0948624862357974,ligue_1,2021-2022
5766,Romain Salin,1,90,0,0.0,0,0.0,0,0,0,0,GK,Rennes,0,0.0,0.1097414270043373,0.1097414270043373,ligue_1,2021-2022
5773,Zaydou Youssef,14,799,0,0.1907594511285424,0,0.3413614276796579,13,6,2,1,M S,Saint-Etienne,0,0.1907594511285424,2.2521546874195337,1.7829068396240473,ligue_1,2021-2022
5778,Johan Gastien,15,1237,0,0.3801661292091012,1,0.8613373674452305,11,12,4,2,M,Clermont Foot,0,0.3801661292091012,6.246816558763385,5.775883076712489,ligue_1,2021-2022
5947,Mihailo Ristic,17,900,0,0.1533979438245296,1,0.7594277709722519,9,7,2,0,D S,Montpellier,0,0.1533979438245296,2.183607406914234,1.4661169964820149,ligue_1,2021-2022
5976,Yoann Salmier,15,1344,0,0.1370432889088988,0,0.2239265814423561,4,3,3,0,D,Troyes,0,0.1370432889088988,2.637259917333722,2.4836174119263887,ligue_1,2021-2022
5984,Alexandre Oukidja,17,1530,0,0.0,0,0.0,0,0,2,0,GK,Metz,0,0.0,1.5841659512370825,1.5841659512370825,ligue_1,2021-2022
5998,Christophe Herelle,7,553,0,0.0249224714934825,0,0.0,1,0,2,0,D,Brest,0,0.0249224714934825,0.9007133059203625,0.9007133059203625,ligue_1,2021-2022
6003,Jimmy Giraudon,17,1530,0,0.0,0,0.2553470432758331,0,1,2,1,D,Troyes,0,0.0,2.6651861742138863,2.4098391346633434,ligue_1,2021-2022
6006,Ruben Aguilar,14,992,0,0.0420672493055462,0,0.2032688725739717,2,5,1,0,D S,Monaco,0,0.0420672493055462,4.060202777385712,4.012965943664312,ligue_1,2021-2022
6018,Samuel Moutoussamy,16,586,0,0.8661526255309582,0,0.0470967907458543,6,2,2,0,M S,Nantes,0,0.8661526255309582,1.4926064647734163,0.990996491163969,ligue_1,2021-2022
6060,Otávio,15,1102,0,0.2467856397852301,0,0.1064515188336372,11,6,3,0,M S,Bordeaux,0,0.2467856397852301,3.0308290161192417,2.71384378708899,ligue_1,2021-2022
6061,Quentin Boisgard,11,330,0,0.2407143181189894,0,0.5044029587879777,6,6,2,0,M S,Lorient,0,0.2407143181189894,1.1511643836274743,0.5065902173519135,ligue_1,2021-2022
6073,Guillermo Maripán,12,919,0,0.1288761422038078,0,0.4735342860221863,3,1,3,0,D S,Monaco,0,0.1288761422038078,5.755810838192701,5.282276552170515,ligue_1,2021-2022
6095,Julian Pollersbeck,2,101,0,0.0,0,0.0,0,0,0,0,GK S,Lyon,0,0.0,0.0530031993985176,0.0530031993985176,ligue_1,2021-2022
6283,Levi Lumeka,5,50,0,0.0,0,0.0,0,0,0,0,S,Troyes,0,0.0,0.0165086071938276,0.0165086071938276,ligue_1,2021-2022
6293,Gerzino Nyamsi,14,1182,0,0.4636420272290706,1,0.6588111519813538,8,3,2,0,D S,Strasbourg,0,0.4636420272290706,3.5338469594717026,3.389727666974068,ligue_1,2021-2022
6307,Suk Hyun-Jun,9,126,0,0.4442322701215744,0,0.4577777981758117,8,2,0,0,S,Troyes,0,0.4442322701215744,0.8465446289628744,0.5435590539127588,ligue_1,2021-2022
6332,Willem Geubbels,7,182,0,0.1189048960804939,1,0.6584226489067078,3,1,0,0,M S,Nantes,0,0.1189048960804939,0.7833833992481232,0.0380219966173172,ligue_1,2021-2022
6380,Anthony Caci,17,1233,0,0.2307768203318119,1,1.967912741005421,6,10,3,0,D S,Strasbourg,0,0.2307768203318119,6.178669217973948,5.57515730150044,ligue_1,2021-2022
6381,Oriol Busquets,4,74,0,0.0,0,0.0,0,0,0,0,M S,Clermont Foot,0,0.0,0.0127431340515613,0.0127431340515613,ligue_1,2021-2022
6407,Vágner,3,77,0,0.3500855565071106,0,0.0743696559220552,1,2,1,0,S,Metz,0,0.3500855565071106,0.3780046831816435,0.0,ligue_1,2021-2022
6452,Mahdi Camara,17,1479,0,0.5870396066457033,0,0.606428187340498,9,19,5,0,D M S,Saint-Etienne,0,0.5870396066457033,3.361612483859062,2.514987166970968,ligue_1,2021-2022
6466,Jean-Claude Billong,7,413,0,0.0866632033139467,0,0.0,4,0,1,0,D S,Clermont Foot,0,0.0866632033139467,1.2392173558473587,1.2392173558473587,ligue_1,2021-2022
6489,Steven Fortes,1,90,0,0.0,0,0.0,0,0,0,0,D,Lens,0,0.0,0.4764861166477203,0.4764861166477203,ligue_1,2021-2022
6601,Timothy Weah,14,743,0,1.6492049377411604,3,2.6298607513308525,14,11,1,0,F M S,Lille,0,1.6492049377411604,5.210079377517104,1.199471544474363,ligue_1,2021-2022
6734,Ambroise Oyongo,1,17,0,0.0,0,0.0,0,0,0,0,S,Montpellier,0,0.0,0.0,0.0,ligue_1,2021-2022
6860,Sofiane Alakouch,4,150,0,0.0164697468280792,0,0.0128965508192777,1,1,1,0,S,Metz,0,0.0164697468280792,0.0128965508192777,0.0128965508192777,ligue_1,2021-2022
6869,Antonin Bobichon,3,12,0,0.0,0,0.0,0,0,0,0,S,Angers,0,0.0,0.0,0.0,ligue_1,2021-2022
6872,Mehmet Zeki Çelik,15,1235,0,0.358924513682723,0,0.9407693184912204,11,8,5,0,D S,Lille,0,0.358924513682723,6.605612674728036,5.790804164484143,ligue_1,2021-2022
6881,Thomas Fontaine,2,169,0,0.0,0,0.0,0,0,1,0,D,Lorient,0,0.0,0.5328077077865601,0.5328077077865601,ligue_1,2021-2022
6888,William Saliba,16,1440,0,0.8552431836724281,0,0.571539118885994,12,4,2,0,D,Marseille,0,0.8552431836724281,6.183626683428884,5.612914768978953,ligue_1,2021-2022
6902,Toma Basic,3,217,0,0.0698777176439762,1,0.3002593144774437,2,5,0,0,M,Bordeaux,0,0.0698777176439762,0.2521371841430664,0.0858387276530265,ligue_1,2021-2022
6903,Matz Sels,18,1620,0,0.0773665085434913,0,0.0224318038672208,2,1,0,0,GK,Strasbourg,0,0.0773665085434913,1.7403362840414047,1.7403362840414047,ligue_1,2021-2022
6907,Colin Dagba,2,96,0,0.0,0,0.0177386999130249,0,1,0,0,D S,Paris Saint Germain,0,0.0,0.1114037819206714,0.1114037819206714,ligue_1,2021-2022
6945,Youssouf Fofana,16,901,0,0.2609325665980577,3,0.641006538644433,11,6,4,0,M S,Monaco,0,0.2609325665980577,3.933982059359552,3.140103770419956,ligue_1,2021-2022
7064,Farid El Melali,2,8,0,0.0333469547331333,0,0.0,1,0,0,0,S,Angers,0,0.0333469547331333,0.0333469547331333,0.0,ligue_1,2021-2022
7122,Javairo Dilrosun,14,743,0,0.8521898463368416,3,1.6725505627691746,18,14,2,0,F M S,Bordeaux,0,0.8521898463368416,2.432530216872692,1.4597297571599483,ligue_1,2021-2022
7148,Wilson Isidor,4,42,0,0.1386998444795608,0,0.1170417219400405,1,1,0,0,S,Monaco,0,0.1386998444795608,0.2557415664196014,0.1170417219400405,ligue_1,2021-2022
7160,Nemanja Radonjic,1,14,0,0.0,0,0.1258848905563354,0,1,0,0,S,Marseille,0,0.0,0.1744223088026046,0.1744223088026046,ligue_1,2021-2022
7178,Valon Berisha,11,321,0,0.1586466580629348,1,0.352211695164442,2,7,0,1,M S,Reims,0,0.1586466580629348,0.3262768909335136,0.0911974906921386,ligue_1,2021-2022
7206,Jonathan Gradit,17,1523,0,0.0260170539841055,0,1.43640698492527,2,12,3,0,D,Lens,0,0.0260170539841055,6.531994096934795,6.402757406234741,ligue_1,2021-2022
7240,Benoit Badiashile Mukinayi,10,723,0,0.3380659818649292,0,0.0,6,0,3,0,D S,Monaco,0,0.3380659818649292,3.785391118377447,3.785391118377447,ligue_1,2021-2022
7282,Giulian Biancone,16,1153,0,0.9782347017899156,2,1.119301974773407,17,13,5,0,D M S,Troyes,0,0.9782347017899156,2.720142988488078,1.496003307402134,ligue_1,2021-2022
7316,Charles Nathan Abi,1,47,0,0.0,0,0.0,0,0,0,0,F,Saint-Etienne,0,0.0,0.0080610197037458,0.0080610197037458,ligue_1,2021-2022
7328,Maxence Caqueret,17,1202,0,0.3575606197118759,0,0.6455947495996952,7,12,2,0,M S,Lyon,0,0.3575606197118759,6.918481200933456,6.257225062698126,ligue_1,2021-2022
7358,Souleyman Doumbia,12,975,0,0.3302621068432927,0,0.7366717271506786,8,6,4,0,D M,Angers,0,0.3302621068432927,2.0603295788168907,1.6367860436439514,ligue_1,2021-2022
7359,Eduardo Camavinga,4,137,0,0.0,0,0.0517108216881752,0,1,0,0,M S,Rennes,0,0.0,0.4892685562372207,0.4375577345490455,ligue_1,2021-2022
7432,Reinildo,14,1179,0,0.4390602074563503,0,0.2147535197436809,4,4,6,0,D,Lille,0,0.4390602074563503,3.3266449719667435,3.076534521766007,ligue_1,2021-2022
7440,Philippe Sandler,2,70,0,0.0,0,0.0,0,0,0,0,D S,Troyes,0,0.0,0.0,0.0,ligue_1,2021-2022
7486,Leonardo Balerdi,11,768,0,0.0486111491918563,0,0.0362285934388637,1,1,4,1,D S,Marseille,0,0.0486111491918563,2.495311683043837,2.4590830709785223,ligue_1,2021-2022
7562,Eric Junior Dina Ebimbe,7,229,0,0.0848047584295272,0,0.1212704479694366,3,1,1,0,M S,Paris Saint Germain,0,0.0848047584295272,0.994573175907135,0.9552424177527428,ligue_1,2021-2022
7574,Leo Petrot,7,624,0,0.0539866024628281,0,0.0,2,0,0,0,D,Lorient,0,0.0539866024628281,1.1254095900803804,1.1254095900803804,ligue_1,2021-2022
7614,Lucas Perrin,14,1039,0,0.2672963887453079,0,0.3893267074599862,4,4,1,0,D S,Strasbourg,0,0.2672963887453079,4.821472018025816,4.481898324564099,ligue_1,2021-2022
7687,Jean Lucas,13,712,0,0.2197618037462234,0,0.8124512899667025,6,12,1,0,M S,Monaco,0,0.2197618037462234,2.5767978206276894,2.025426283478737,ligue_1,2021-2022
7716,Darío Benedetto,2,49,0,0.594883143901825,0,0.0608609095215797,3,1,0,0,S,Marseille,0,0.594883143901825,0.6986498236656189,0.0429058000445365,ligue_1,2021-2022
7717,Isaac Lihadji,5,44,0,0.0413413308560848,2,0.3375573679804802,2,7,0,0,S,Lille,0,0.0413413308560848,0.4831473603844642,0.2339314371347427,ligue_1,2021-2022
7718,Predrag Rajkovic,18,1620,0,0.0,0,0.0105342054739594,0,1,0,0,GK,Reims,0,0.0,0.3880935488268733,0.3775593433529138,ligue_1,2021-2022
7720,Sambou Sissoko,6,85,0,0.1385924303904175,0,0.1501135677099228,3,2,0,0,S,Reims,0,0.1385924303904175,0.5060345977544785,0.2173286080360412,ligue_1,2021-2022
7729,Julien Faussurier,8,182,0,0.0,0,0.3988527860492468,0,5,0,0,D S,Brest,0,0.0,0.6598553415387869,0.4426270388066768,ligue_1,2021-2022
7731,Denys Bain,1,90,0,0.0,0,0.0,0,0,0,0,D,Brest,0,0.0,0.0,0.0,ligue_1,2021-2022
7732,Haris Belkebla,16,1182,0,0.0,0,0.1015126341953873,0,4,0,0,M S,Brest,0,0.0,1.752296457067132,1.7205246780067682,ligue_1,2021-2022
7739,Joris Chotard,17,1418,0,0.225053128786385,0,0.1172984447330236,6,4,3,0,M S,Montpellier,0,0.225053128786385,3.346040407195688,3.0605009254068136,ligue_1,2021-2022
7743,Pereira Lage,10,68,0,0.082289095968008,1,0.683246910572052,3,1,0,0,S,Angers,0,0.082289095968008,0.7097963094711304,0.683246910572052,ligue_1,2021-2022
7744,Danijel Petkovic,6,540,0,0.0,0,0.0,0,0,1,0,GK,Angers,0,0.0,0.8078502658754587,0.8078502658754587,ligue_1,2021-2022
7745,Loris Benito,1,63,0,0.0,0,0.0,0,0,0,0,D,Bordeaux,0,0.0,0.0659262686967849,0.0659262686967849,ligue_1,2021-2022
7750,Harold Moukoudi,14,1098,0,0.8279683366417885,0,0.0459570260718464,6,2,1,0,D S,Saint-Etienne,0,0.8279683366417885,1.8700711727142327,1.2001111842691898,ligue_1,2021-2022
7755,Domagoj Bradaric,5,130,0,0.0,0,0.4945852160453796,0,3,0,0,D S,Lille,0,0.0,1.1597068905830383,0.7353082299232483,ligue_1,2021-2022
7757,Léo Jardim,2,180,0,0.0,0,0.0,0,0,0,0,GK,Lille,0,0.0,0.2884713336825371,0.2884713336825371,ligue_1,2021-2022
7758,Cheikh Niasse,2,21,0,0.0,0,0.0,0,0,1,0,S,Lille,0,0.0,0.0872118026018142,0.0872118026018142,ligue_1,2021-2022
7764,Mamadou Fofana,1,30,0,0.0,0,0.0,0,0,0,0,S,Metz,0,0.0,0.1090043559670448,0.1090043559670448,ligue_1,2021-2022
7765,Thomas Delaine,12,972,0,0.3357261940836906,1,0.9083389416337012,6,13,0,0,D M S,Metz,0,0.3357261940836906,2.187758157029748,1.450047230347991,ligue_1,2021-2022
7980,Adil Aouchiche,16,489,0,0.3012754991650581,1,0.5557780293747783,8,4,2,0,F M S,Saint-Etienne,0,0.3012754991650581,1.141640112735331,0.8498434890061617,ligue_1,2021-2022
8049,Jean-Kevin Duverne,18,1320,0,0.0848405286669731,0,0.931071825325489,3,10,1,0,D S,Brest,0,0.0848405286669731,3.0011701742187142,2.123433379456401,ligue_1,2021-2022
8057,Stefan Bajic,6,417,0,0.0179427675902843,0,0.0,1,0,0,0,GK S,Saint-Etienne,0,0.0179427675902843,0.0880646519362926,0.0701218843460083,ligue_1,2021-2022
8094,Mathis Cherki,11,209,0,0.4214808568358421,0,0.1693537849932909,7,4,1,0,F S,Lyon,0,0.4214808568358421,0.80612937733531,0.3386735077947378,ligue_1,2021-2022
8119,Boubacar Traore,12,421,0,0.0936392256990075,0,0.1100435648113489,5,3,2,0,M S,Metz,0,0.0936392256990075,0.5082590626552701,0.3241129200905561,ligue_1,2021-2022
8146,Ismail Jakobs,13,535,0,0.0565549843013286,0,0.8277182765305042,1,6,1,0,D S,Monaco,0,0.0565549843013286,2.123773843050003,1.4827127940952778,ligue_1,2021-2022
8151,Hianga&#039;a M&#039;Bock,10,698,0,0.2256807340309023,0,0.0148120075464248,6,1,3,0,M S,Brest,0,0.2256807340309023,1.023487157188356,0.903918265365064,ligue_1,2021-2022
8165,Lucien Agoume,12,801,0,0.3273717910051346,0,0.831866942346096,6,7,2,0,M S,Brest,0,0.3273717910051346,1.741860993206501,1.5044379457831385,ligue_1,2021-2022
8166,Mehdi Zerkane,6,69,0,0.0217886269092559,0,0.0456325784325599,1,1,0,0,S,Bordeaux,0,0.0217886269092559,0.2777661085128784,0.2103449031710624,ligue_1,2021-2022
8182,Lucas Da Cunha,10,396,0,0.8026994373649359,1,1.5790614830330014,10,13,0,0,M S,Nice,0,0.8026994373649359,1.9763523805886507,0.1708242297172546,ligue_1,2021-2022
8186,Nelson Sissoko,1,49,0,0.0,0,0.0,0,0,1,0,D,Saint-Etienne,0,0.0,0.0,0.0,ligue_1,2021-2022
8187,Georges Mikautadze,1,1,0,0.165682852268219,0,0.0,2,0,0,0,S,Metz,0,0.165682852268219,0.165682852268219,0.0,ligue_1,2021-2022
8248,Maxence Rivera,1,4,0,0.0,0,0.0,0,0,0,0,S,Saint-Etienne,0,0.0,0.0,0.0,ligue_1,2021-2022
8249,Renaud Emond,4,178,0,0.0081751346588134,0,0.0,1,0,0,0,F M S,Nantes,0,0.0081751346588134,0.4683907926082611,0.4602156579494476,ligue_1,2021-2022
8278,Papa Ndiaga Yade,8,272,0,0.1984898066148162,0,0.6638448238372803,4,2,2,0,D M S,Metz,0,0.1984898066148162,1.528127245604992,1.2816657405346632,ligue_1,2021-2022
8283,Batista Mendy,15,1074,0,0.1305332109332084,0,0.1380224302411079,5,3,2,0,M S,Angers,0,0.1305332109332084,1.0585318338125944,1.008251971565187,ligue_1,2021-2022
8312,Kaj Sierhuis,2,80,0,0.0789684727787971,0,0.1099176257848739,2,2,0,0,F S,Reims,0,0.0789684727787971,0.2858481705188751,0.1666932292282581,ligue_1,2021-2022
8314,Yvann Maçon,12,853,0,0.1134596541523933,0,1.1197651708498595,6,8,4,0,D M S,Saint-Etienne,0,0.1134596541523933,1.81940089724958,0.6727803628891706,ligue_1,2021-2022
8327,Bruno Guimarães,16,1337,0,0.8509474489837885,2,1.9839027859270573,11,24,2,0,M,Lyon,0,0.8509474489837885,7.573828514665365,5.770364727824926,ligue_1,2021-2022
8372,Lucas Gourna Douath,13,607,0,0.4027608931064605,0,0.0193627830594778,3,1,3,0,M S,Saint-Etienne,0,0.4027608931064605,0.3708822801709175,0.3708822801709175,ligue_1,2021-2022
8632,Enzo Ebosse,11,541,0,0.0,0,0.1668610721826553,0,2,0,0,D M S,Angers,0,0.0,1.6873576194047928,1.6873576194047928,ligue_1,2021-2022
8633,Waniss Taibi,2,85,0,0.0735598132014274,0,0.0,1,0,1,0,M S,Angers,0,0.0735598132014274,0.1013419330120086,0.1013419330120086,ligue_1,2021-2022
8642,Strahinja Pavlovic,7,448,0,0.4777516350150108,0,0.1030662730336189,5,1,2,1,D S,Monaco,0,0.4777516350150108,1.95411790534854,1.95411790534854,ligue_1,2021-2022
8643,Chrislain Matsima,2,60,0,0.0754954069852829,0,0.0,1,0,0,0,D S,Monaco,0,0.0754954069852829,0.6324389576911926,0.6324389576911926,ligue_1,2021-2022
8644,Eliot Matazo,9,424,0,0.0168407652527093,0,0.0921115521341562,1,3,0,0,M S,Monaco,0,0.0168407652527093,0.4608344528824091,0.3518821373581886,ligue_1,2021-2022
8649,Houboulang Mendes,17,1523,0,0.84479402564466,0,0.1084595471620559,7,2,1,1,D,Lorient,0,0.84479402564466,1.160922348499298,0.9916307413950562,ligue_1,2021-2022
8651,Enzo Le Fée,17,1035,0,0.5547078642994165,1,0.902019769884646,13,20,0,0,M S,Lorient,0,0.5547078642994165,2.3403188940137625,1.6621490325778725,ligue_1,2021-2022
8652,Stéphane Diarra,11,429,0,0.9739228636026382,0,1.0145843215286732,10,10,2,0,F M S,Lorient,0,0.9739228636026382,2.081085989251733,0.4002634547650814,ligue_1,2021-2022
8655,Mehdi Chahiri,1,13,0,0.0,0,0.0,0,0,0,0,S,Strasbourg,0,0.0,0.0736176818609237,0.0736176818609237,ligue_1,2021-2022
8656,Birger Meling,15,1061,0,0.22239451110363,2,0.7531456053256989,3,7,2,0,D S,Rennes,0,0.22239451110363,6.01773433573544,5.563825929537416,ligue_1,2021-2022
8660,Jordan Lotomba,13,702,0,0.1724501512944698,0,0.6927781775593758,3,5,1,0,D S,Nice,0,0.1724501512944698,4.913702569901943,4.439406327903271,ligue_1,2021-2022
8662,Dan Ndoye,3,200,0,0.2161923348903656,1,0.1896528750658035,3,2,0,0,F S,Nice,0,0.2161923348903656,0.7341177463531494,0.3282725214958191,ligue_1,2021-2022
8663,Flavius Daniliuc,10,436,0,0.0,0,0.0,0,0,1,0,D S,Nice,0,0.0,1.5747331269085407,1.5747331269085407,ligue_1,2021-2022
8665,Loic Bade,9,619,0,0.1110666245222091,0,0.0522585250437259,3,1,1,1,D S,Rennes,0,0.1110666245222091,1.6314327418804169,1.5791742205619812,ligue_1,2021-2022
8666,Cheick Oumar Doucoure,15,1322,0,0.6191813256591558,3,1.8286225870251656,14,14,3,1,M,Lens,0,0.6191813256591558,9.195789340883492,7.328523434698582,ligue_1,2021-2022
8667,Ismael Boura,5,94,0,0.0141099346801638,0,0.0,1,0,0,0,D S,Lens,0,0.0141099346801638,0.4958001971244812,0.4958001971244812,ligue_1,2021-2022
8672,Wuilker Fariñez,2,133,0,0.0,0,0.0,0,0,0,0,GK S,Lens,0,0.0,0.3637200891971588,0.3637200891971588,ligue_1,2021-2022
8677,Lilian Brassier,14,1067,0,0.0712252715602517,0,0.1528803464025259,4,3,3,0,D S,Brest,0,0.0712252715602517,1.508074956946075,1.389956722036004,ligue_1,2021-2022
8678,Jonas Omlin,13,1170,0,0.0,0,0.0,0,0,0,0,GK,Montpellier,0,0.0,2.3902012538164854,2.3902012538164854,ligue_1,2021-2022
8684,Fodé Doucouré,3,146,0,0.0,0,0.0243655666708946,0,1,0,0,D S,Reims,0,0.0,0.8351528644561768,0.8107873201370239,ligue_1,2021-2022
8686,Cheick Tidiane Sabaly,5,135,0,0.3798709940165281,0,0.0195366498082876,2,1,0,0,F S,Metz,0,0.3798709940165281,0.911058634519577,0.5516730323433876,ligue_1,2021-2022
8688,Warren Tchimbembé,5,81,0,0.0,0,0.0,0,0,0,0,S,Metz,0,0.0,0.6077844258397818,0.6077844258397818,ligue_1,2021-2022
8689,Yvan Neyou,12,861,0,0.1119648469612002,0,0.6391039025038481,5,7,1,0,M S,Saint-Etienne,0,0.1119648469612002,1.4566178619861605,0.8017744570970535,ligue_1,2021-2022
8692,Jerome Hergault,6,262,0,0.0,0,0.0835545063018798,0,1,0,2,D S,Lorient,0,0.0,0.302394799888134,0.2188402935862541,ligue_1,2021-2022
8696,Pape Alassane Gueye,15,671,0,0.3262699330225587,1,0.2873216066509485,13,6,3,0,M S,Marseille,0,0.3262699330225587,3.654097964987159,3.167179921641946,ligue_1,2021-2022
8702,Tinotenda Kadewere,5,142,0,1.530680172145367,0,0.0,8,0,0,1,M S,Lyon,0,1.530680172145367,2.243130810558796,0.7124506533145905,ligue_1,2021-2022
8703,Sinaly Diomande,10,571,0,0.3232547976076603,0,0.0220079440623521,3,1,2,0,D S,Lyon,0,0.3232547976076603,1.8361802734434605,1.8141723312437528,ligue_1,2021-2022
8746,Aïmen Moueffek,5,263,0,0.0972470212727785,0,0.0,4,0,0,0,M S,Saint-Etienne,0,0.0972470212727785,0.1217059884220361,0.0400277860462665,ligue_1,2021-2022
8749,Lamine Gueye,13,540,0,1.8301447741687296,3,1.2168652275577188,13,16,0,0,F M S,Metz,0,1.8301447741687296,2.6498510017991066,0.4133639670908451,ligue_1,2021-2022
8784,Nassim Chadli,6,22,0,0.0525101199746131,0,0.0,1,0,1,0,S,Troyes,0,0.0525101199746131,0.5519869402050972,0.499476820230484,ligue_1,2021-2022
8923,Ivo Grbic,16,1440,0,0.0,0,0.0,0,0,2,0,GK,Lille,0,0.0,1.7815610766410828,1.7815610766410828,ligue_1,2021-2022
8950,Konrad De la Fuente,14,746,0,1.0853157676756382,2,1.28017102740705,15,10,1,0,M S,Marseille,0,1.0853157676756382,4.0078107714653015,1.9298343267291784,ligue_1,2021-2022
8973,Lorenz Assignon,10,259,0,0.710595577955246,0,0.1399006843566894,4,1,0,0,D S,Rennes,0,0.710595577955246,1.9115835595875976,1.2009879518300297,ligue_1,2021-2022
8980,Luis Henrique,12,381,0,1.136850208044052,1,0.1804216615855693,4,5,0,0,D F M S,Marseille,0,1.136850208044052,1.6054691914469004,0.3168014008551836,ligue_1,2021-2022
9017,Malo Gusto,11,702,0,0.3716346379369497,0,1.6146859005093577,5,11,1,0,D M S,Lyon,0,0.3716346379369497,3.8265471309423447,2.774841919541359,ligue_1,2021-2022
9039,Charles Boli,4,26,0,0.0,0,0.0,0,0,0,0,S,Lens,0,0.0,0.1219986602663993,0.1219986602663993,ligue_1,2021-2022
9066,Mahamé Siby,2,14,0,0.0,0,0.0,0,0,0,0,S,Strasbourg,0,0.0,0.0,0.0,ligue_1,2021-2022
9067,Amadou Traoré,1,17,0,0.0,0,0.0,0,0,0,0,S,Bordeaux,0,0.0,0.0,0.0,ligue_1,2021-2022
9212,Tom Lacoux,3,249,0,0.0,0,0.0464337132871151,0,1,1,0,M,Bordeaux,0,0.0,0.8526791296899319,0.8062454164028168,ligue_1,2021-2022
9294,Etienne Green,15,1200,0,0.0,0,0.0073509542271494,0,1,1,1,GK,Saint-Etienne,0,0.0,0.2084367191419005,0.2010857658460736,ligue_1,2021-2022
9378,Issouf Sissokho,5,317,0,0.0827665366232395,0,0.2737527918070555,3,7,0,0,M S,Bordeaux,0,0.0827665366232395,0.9811278358101844,0.8035736940801144,ligue_1,2021-2022
9399,Quentin Merlin,9,404,0,0.0467940755188465,1,0.458038829267025,1,7,0,0,D S,Nantes,0,0.0467940755188465,1.4937499687075615,1.1501705422997477,ligue_1,2021-2022
9448,Dion Moise Sahi,4,50,0,0.750820204615593,0,0.0,3,0,0,0,S,Strasbourg,0,0.750820204615593,0.750820204615593,0.0,ligue_1,2021-2022
9450,Dion Lopy,9,482,0,0.2270900979638099,0,0.0584926046431064,5,2,1,0,M S,Reims,0,0.2270900979638099,1.0809864569455383,0.827997226268053,ligue_1,2021-2022
9487,Maxime Estève,13,941,0,0.0,0,0.021676542237401,0,1,1,0,D S,Montpellier,0,0.0,0.766214432194829,0.766214432194829,ligue_1,2021-2022
9489,Jonathan Varane,1,1,0,0.0,0,0.0,0,0,0,0,S,Lens,0,0.0,0.0,0.0,ligue_1,2021-2022
9490,Matthis Abline,7,90,0,0.7780372612178326,0,0.0,2,0,0,0,F S,Rennes,0,0.7780372612178326,0.7528117895126343,0.0,ligue_1,2021-2022
9491,Warmed Omari,14,1005,0,0.2340896688401699,0,0.1945988424122333,4,3,3,0,D S,Rennes,0,0.2340896688401699,5.557628285139799,5.537355672568083,ligue_1,2021-2022
9510,Habib Keita,2,2,0,0.0323433391749858,0,0.0,1,0,0,0,S,Lyon,0,0.0323433391749858,0.0323433391749858,0.0,ligue_1,2021-2022
9511,Castello Lukeba,4,318,0,0.0,0,0.0635444447398185,0,1,1,0,D,Lyon,0,0.0,1.303512066602707,1.303512066602707,ligue_1,2021-2022
9523,Andy Diouf,1,4,0,0.0,0,0.0,0,0,0,0,S,Rennes,0,0.0,0.0,0.0,ligue_1,2021-2022
9562,Sacha Delaye,2,2,0,0.0,0,0.0,0,0,0,0,S,Montpellier,0,0.0,0.0,0.0,ligue_1,2021-2022
9565,Mathys Saban,3,67,0,0.0,0,0.0,0,0,1,0,S,Saint-Etienne,0,0.0,0.0,0.0,ligue_1,2021-2022
9566,Yanis Lhéry,3,48,0,0.0367380194365978,0,0.0,1,0,0,0,S,Saint-Etienne,0,0.0367380194365978,0.0367380194365978,0.0,ligue_1,2021-2022
9614,Marco Bizot,18,1620,0,0.0,1,0.0714987851679325,0,2,1,0,GK,Brest,0,0.0,0.669698916375637,0.616563580930233,ligue_1,2021-2022
9615,Jere Uronen,7,452,0,0.0212950576096773,0,0.0564740560948848,1,1,0,0,D S,Brest,0,0.0212950576096773,0.9834925401955844,0.9057234302163124,ligue_1,2021-2022
9618,Gauthier Gallon,18,1620,0,0.0,0,0.0,0,0,1,0,GK,Troyes,0,0.0,1.552821176126599,1.552821176126599,ligue_1,2021-2022
9619,Issa Kabore,16,1028,0,0.092391655780375,1,0.8511755187064409,3,7,2,1,D M S,Troyes,0,0.092391655780375,3.1765350718051195,2.276972475461662,ligue_1,2021-2022
9620,Dylan Chambost,12,332,0,0.4059031456708908,1,0.4240989461541176,7,7,0,0,M S,Troyes,0,0.4059031456708908,1.1177155636250973,0.6340050334110856,ligue_1,2021-2022
9621,Florian Tardieu,11,919,0,0.2544001108035445,1,0.7649379428476095,7,16,2,0,M S,Troyes,0,0.2544001108035445,2.704818459227681,2.453415082767606,ligue_1,2021-2022
9622,Mykola Kukharevych,2,9,0,0.0635410994291305,0,0.0,1,0,0,0,S,Troyes,0,0.0635410994291305,0.0,0.0,ligue_1,2021-2022
9623,Tanguy Zoukrou,4,63,0,0.0573542416095733,0,0.0,1,0,1,0,S,Troyes,0,0.0573542416095733,0.0,0.0,ligue_1,2021-2022
9626,Brandon Domingues,8,71,0,0.4027990167960524,0,0.184030219912529,2,3,0,0,S,Troyes,0,0.4027990167960524,0.5344124538823962,0.1077969819307327,ligue_1,2021-2022
9628,Nathan Bitumazala,1,8,0,0.0,0,0.0,0,0,0,0,S,Paris Saint Germain,0,0.0,0.0,0.0,ligue_1,2021-2022
9631,Christopher Wooh,6,387,0,0.1535562202334404,0,0.1949867159128189,3,3,1,0,D S,Lens,0,0.1535562202334404,2.1048372220247984,1.991985721513629,ligue_1,2021-2022
9632,Deiver Machado,11,302,0,0.0246403403580188,0,0.6747381649911404,1,5,1,0,D M S,Lens,0,0.0246403403580188,1.1371022164821625,0.437723696231842,ligue_1,2021-2022
9635,Karol Fila,6,311,0,0.0,0,0.711349368095398,0,3,3,0,D S,Strasbourg,0,0.0,0.9119731858372688,0.3007249534130096,ligue_1,2021-2022
9637,Abdel Jalil Zaim Idriss Medioub,5,172,0,0.0448781661689281,0,0.0,1,0,0,0,D S,Bordeaux,0,0.0448781661689281,0.1272416450083255,0.0823634788393974,ligue_1,2021-2022
9638,Arthur Desmas,13,1170,0,0.0,0,0.0,0,0,0,0,GK,Clermont Foot,0,0.0,1.1392297856509686,1.1392297856509686,ligue_1,2021-2022
9639,Akim Zedadka,18,1615,0,0.5150576531887054,1,1.5333468057215214,15,17,2,0,D,Clermont Foot,0,0.5150576531887054,4.244662726297975,3.0875337589532137,ligue_1,2021-2022
9642,Salis Abdul Samed,17,1416,0,0.2932329531759023,0,0.6463694535195827,6,8,3,1,M S,Clermont Foot,0,0.2932329531759023,4.19954383559525,3.3850079122930765,ligue_1,2021-2022
9645,Jim Allevinah,16,897,0,1.4202081337571144,1,0.9657036289572716,23,12,1,0,M S,Clermont Foot,0,1.4202081337571144,3.919944789260626,1.8014108687639236,ligue_1,2021-2022
9647,Jonathan Iglesias,15,560,0,0.0190904773771762,0,0.2042675586417317,1,4,0,0,M S,Clermont Foot,0,0.0190904773771762,1.8583616092801087,1.6928885839879513,ligue_1,2021-2022
9650,Arial Mendy,6,364,0,0.1394430436193943,0,1.1030524224042892,6,7,1,0,D M S,Clermont Foot,0,0.1394430436193943,1.8916021436452863,0.814038154669106,ligue_1,2021-2022
9652,Alidu Seidu,5,132,0,0.3466319367289543,0,0.0415864326059818,4,2,0,0,M S,Clermont Foot,0,0.3466319367289543,0.4318195525556803,0.0884792041033506,ligue_1,2021-2022
9653,Ouparine Djoco,5,450,0,0.0,0,0.0,0,0,0,0,GK,Clermont Foot,0,0.0,0.0958341239020228,0.0958341239020228,ligue_1,2021-2022
9655,Pablo Rosario,17,1254,0,0.6776649560779333,0,0.3406437262892723,10,8,5,0,M S,Nice,0,0.6776649560779333,3.505923219025135,3.36090294085443,ligue_1,2021-2022
9658,Billal Brahimi,6,82,0,0.0838750842958688,1,0.7815170884132385,2,4,0,0,S,Angers,0,0.0838750842958688,0.8967438340187073,0.5638012625277042,ligue_1,2021-2022
9660,Bryan Djile Nokoue,2,53,0,0.0,0,0.0,0,0,0,0,S,Saint-Etienne,0,0.0,0.00792514719069,0.00792514719069,ligue_1,2021-2022
9661,Igor Silva,17,1274,0,0.3261142279952764,0,0.4290876351296901,11,9,3,0,D M S,Lorient,0,0.3261142279952764,2.976879032328725,2.2482644598931074,ligue_1,2021-2022
9662,Dango Ouattara,10,217,0,0.1816599331796169,0,0.0759852370247244,4,2,1,0,F M S,Lorient,0,0.1816599331796169,0.2553458800539374,0.0679602501913905,ligue_1,2021-2022
9663,Samuel Loric,3,270,0,0.0,0,0.0,0,0,0,0,D,Lorient,0,0.0,0.0220573684200644,0.0220573684200644,ligue_1,2021-2022
9664,Redwan Bourlès,3,8,0,0.0,0,0.0,0,0,0,0,S,Lorient,0,0.0,0.0,0.0,ligue_1,2021-2022
9666,Lenny Joseph,3,51,0,0.0,0,0.0,0,0,1,0,S,Metz,0,0.0,0.0234638750553131,0.0234638750553131,ligue_1,2021-2022
9667,Amadou Onana,14,356,0,0.4037194103002548,0,0.1699697524309158,2,2,2,1,M S,Lille,0,0.4037194103002548,1.8392825573682785,1.2655934244394302,ligue_1,2021-2022
9669,Thuler,9,547,0,0.0279812980443239,0,0.0,1,0,1,1,D S,Montpellier,0,0.0279812980443239,0.3251531720161438,0.3251531720161438,ligue_1,2021-2022
9670,Léo Leroy,10,164,0,0.0682633630931377,0,0.0110042272135615,3,1,0,0,M S,Montpellier,0,0.0682633630931377,0.2100532799959182,0.1307856887578964,ligue_1,2021-2022
9671,Béni Makouana,11,133,0,0.1320087248459458,0,0.448193822056055,4,2,2,0,S,Montpellier,0,0.1320087248459458,0.5282934326678514,0.0179947651922702,ligue_1,2021-2022
9672,Luan Peres,17,1385,0,0.0135354716330766,1,0.8606804385781288,1,9,1,0,D M S,Marseille,0,0.0135354716330766,7.946099042892456,7.244448482990265,ligue_1,2021-2022
9767,Habib Diarra,1,1,0,0.0,0,0.0,0,0,0,0,S,Strasbourg,0,0.0,0.0,0.0,ligue_1,2021-2022
9778,Henrique,4,215,0,0.0,0,0.0313763581216335,0,1,0,0,D M S,Lyon,0,0.0,0.2964604161679744,0.2650840580463409,ligue_1,2021-2022
9779,Rafiki Said,7,33,0,0.2995225489139557,0,0.0,5,0,0,0,S,Brest,0,0.2995225489139557,0.2995225489139557,0.0949270408600568,ligue_1,2021-2022
9780,Mathys Tel,3,28,0,0.0,0,0.0919741541147232,0,1,0,0,S,Rennes,0,0.0,0.0,0.0,ligue_1,2021-2022
9781,Osman Bukari,9,407,0,0.760629104450345,1,0.9671650063246487,8,7,0,0,M S,Nantes,0,0.760629104450345,1.825864864513278,0.6571648139506578,ligue_1,2021-2022
9782,Sikou Niakaté,5,235,0,0.118124283850193,0,0.039066132158041,2,1,0,0,D S,Metz,0,0.118124283850193,0.2904266119003296,0.2904266119003296,ligue_1,2021-2022
9807,Gideon Mensah,9,388,0,0.0530810244381427,1,1.1602062676101923,1,5,0,0,D S,Bordeaux,0,0.0530810244381427,2.455436259508133,2.255854334682226,ligue_1,2021-2022
9920,Fransérgio,14,669,0,0.5644785240292549,0,0.0908513194881379,6,3,3,0,M S,Bordeaux,0,0.5644785240292549,2.493053773418069,1.9546627420932048,ligue_1,2021-2022
9929,Théo Le Bris,4,57,0,0.0,0,0.0,0,0,0,0,S,Lorient,0,0.0,0.0118076195940375,0.0118076195940375,ligue_1,2021-2022
9930,Amadou Salif Mbengue,4,196,0,0.0,0,0.0177356638014316,0,1,1,0,D S,Metz,0,0.0,0.0,0.0,ligue_1,2021-2022
9932,Nordine Kandil,2,18,0,0.0,1,0.6413069367408752,0,1,0,0,S,Strasbourg,0,0.0,0.6537877209484577,0.0124807842075824,ligue_1,2021-2022
9941,Mitchell van Bergen,9,464,0,0.2818926759064197,0,0.2283396981656551,4,6,1,0,F S,Reims,0,0.2818926759064197,0.4022033624351024,0.0405705804005265,ligue_1,2021-2022
9944,Gabriel Gudmundsson,10,290,0,1.1283077578991652,0,0.0523424437269568,5,2,0,0,D S,Lille,0,1.1283077578991652,1.446368720382452,0.3252364359796047,ligue_1,2021-2022
9961,Nuno Mendes,9,502,0,0.0516297668218612,0,0.5234465673565865,2,2,2,0,D S,Paris Saint Germain,0,0.0516297668218612,4.0758489072322845,3.969756364822388,ligue_1,2021-2022
9972,Yanis Guermouche,1,1,0,0.0,0,0.0,0,0,0,0,S,Montpellier,0,0.0,0.0,0.0,ligue_1,2021-2022
9973,Nicholas Gioacchini,14,245,0,0.7152769714593887,2,0.4088880531489849,6,4,0,0,M S,Montpellier,0,0.7152769714593887,1.059978382661939,0.1381353195756673,ligue_1,2021-2022
9974,Ignacio Ramírez,5,122,0,0.0508356122300028,0,0.0,2,0,0,0,F S,Saint-Etienne,0,0.0508356122300028,0.5439231721684337,0.4930875599384308,ligue_1,2021-2022
9977,Loum Tchaouna,4,19,0,0.542893648147583,0,0.0,1,0,0,0,S,Rennes,0,0.542893648147583,0.6135071218013763,0.0706134736537933,ligue_1,2021-2022
9978,Azor Matusiwa,13,1118,0,0.1447488497942686,1,0.6402031611651182,4,8,5,0,M,Reims,0,0.1447488497942686,3.206954773515463,3.0403459407389164,ligue_1,2021-2022
9981,Youssouph Badji,7,119,0,0.1815221458673477,0,0.0169415827840566,2,1,0,0,F S,Brest,0,0.1815221458673477,0.2570857517421245,0.0755636058747768,ligue_1,2021-2022
10040,Erik Palmer-Brown,2,89,0,0.0,0,0.0,0,0,0,0,D S,Troyes,0,0.0,0.0,0.0,ligue_1,2021-2022
10041,Yasser Larouci,1,12,0,0.0,0,0.0,0,0,0,0,S,Troyes,0,0.0,0.0098644159734249,0.0098644159734249,ligue_1,2021-2022
10057,Felix Lemarechal,1,8,0,0.0,0,0.0,0,0,0,0,S,Monaco,0,0.0,0.0,0.0,ligue_1,2021-2022
10058,Maghnes Akliouche,1,1,0,0.0,0,0.0,0,0,0,0,S,Monaco,0,0.0,0.0,0.0,ligue_1,2021-2022
10064,El Hadji Dieye,2,7,0,0.0,0,0.0,0,0,0,0,S,Saint-Etienne,0,0.0,0.0,0.0,ligue_1,2021-2022
10074,Sambou Soumano,5,23,0,0.0876943916082382,0,0.0175838414579629,1,1,1,0,S,Lorient,0,0.0876943916082382,0.1052782386541366,0.0,ligue_1,2021-2022
10099,Baptiste Mouazan,1,11,0,0.0,0,0.0,0,0,0,0,S,Lorient,0,0.0,0.0,0.0,ligue_1,2021-2022
10125,Ibrahima Baldé,1,15,0,0.0,0,0.0,0,0,0,0,S,Lens,0,0.0,0.0,0.0,ligue_1,2021-2022
10131,Lucas Calodat,1,1,0,0.0,0,0.0,0,0,0,0,S,Saint-Etienne,0,0.0,0.0091364337131381,0.0091364337131381,ligue_1,2021-2022
10133,Yadaly Diaby,2,32,0,0.1125689968466758,0,0.0,1,0,1,1,S,Clermont Foot,0,0.1125689968466758,0.1125689968466758,0.0,ligue_1,2021-2022
10151,Aboubacar Sidibe,1,5,0,0.0,0,0.0,0,0,0,0,S,Clermont Foot,0,0.0,0.0,0.0,ligue_1,2021-2022
