id,player_name,games,time,goals,xG,assists,xA,shots,key_passes,yellow_cards,red_cards,position,team_title,npg,npxG,xGChain,xGBuildup,season,league
2371,Cristiano Ronaldo,33,2807,29,29.83808070421219,3,3.8546393513679504,167,36,3,0,F S,Juventus,23,23.74781009554863,28.63540640473365,8.915717896074057,2020-2021,serie_a
594,Romelu Lukaku,36,2885,24,23.42576841637492,11,8.387601729482412,97,53,4,0,F S,Inter,18,18.85797556117177,30.672951973974705,5.996653926558793,2020-2021,serie_a
1229,Luis Muriel,36,1434,22,16.692217707633972,8,4.887805111706257,86,46,0,0,F M S,Atalanta,20,14.408361122012138,23.75210366584361,6.23875948600471,2020-2021,serie_a
7084,Dusan Vlahovic,37,2945,21,18.476589761674404,3,2.2961635794490576,86,18,1,0,F S,Fiorentina,15,13.908836690708997,14.827191784977911,1.562626488506794,2020-2021,serie_a
1209,Ciro Immobile,35,2887,20,19.77111575938761,6,7.202586128376424,119,54,3,1,F S,Lazio,16,13.680725181475282,24.11689661443233,4.969869520515204,2020-2021,serie_a
1362,Simy,38,2935,20,17.4738744571805,2,1.5258306805044413,64,27,1,0,F S,Crotone,12,11.383563682436945,13.73048839252442,2.165550102479756,2020-2021,serie_a
1393,Lorenzo Insigne,35,2888,19,17.34749484434724,7,9.122002026066184,144,63,2,1,F M S,Napoli,12,11.257104076445104,27.064160227775574,12.54643751308322,2020-2021,serie_a
1612,Domenico Berardi,30,2494,17,14.489944625645876,7,6.099212377332151,113,58,4,0,D F M S,Sassuolo,10,8.39975709747523,19.319889217615128,7.612011410295963,2020-2021,serie_a
7006,Lautaro Martínez,38,2598,17,16.88719903305173,6,6.310354245826602,109,38,5,0,F M S,Inter,15,15.364601392298937,23.094210781157017,3.861114533618093,2020-2021,serie_a
1592,João Pedro,37,3273,16,13.289647806435823,3,5.29610295407474,75,38,4,0,F M,Cagliari,12,9.483153756707908,17.200939755886793,6.281496647745371,2020-2021,serie_a
1148,Duván Zapata,37,2407,15,18.038630217313766,9,6.084069307893515,98,42,0,0,F M S,Atalanta,14,17.27733138203621,27.76100275851786,7.628689213655889,2020-2021,serie_a
1741,Zlatan Ibrahimovic,19,1503,15,16.254978181794286,2,1.4163752552121878,80,19,2,1,F S,AC Milan,12,11.687306942418218,11.791891984641552,3.0064280293881893,2020-2021,serie_a
317,Henrikh Mkhitaryan,34,2752,13,12.416660388931632,10,8.947878846898675,82,48,2,0,F M S,Roma,12,11.655361553654076,28.58623880520463,10.100943650119008,2020-2021,serie_a
1186,Andrea Belotti,35,2915,13,13.569574140012264,6,7.06598836183548,106,38,4,0,F S,Torino,9,9.763119898736475,16.292992435395718,1.8111425824463367,2020-2021,serie_a
1230,Fabio Quagliarella,33,2216,13,11.09374750033021,1,1.4081906517967582,83,19,1,0,F S,Sampdoria,11,8.80997083708644,10.010083113797007,1.165265440940857,2020-2021,serie_a
1489,Franck Kessié,37,3231,13,13.495036673732102,4,3.908409910276532,49,32,8,0,M S,AC Milan,2,3.598272153176368,16.192339226603508,11.070898316800594,2020-2021,serie_a
1580,Mattia Destro,29,1625,11,7.482145581394434,1,0.5846969578415155,37,7,5,0,F S,Genoa,11,7.482145581394434,8.329893082380295,1.2265984611585736,2020-2021,serie_a
1804,Álvaro Morata,32,2019,11,12.065572503954172,9,5.670549782924354,56,40,3,1,F S,Juventus,10,11.30431354418397,19.798633083701134,4.521953355520964,2020-2021,serie_a
1852,Ante Rebic,27,1783,11,7.283670171163976,4,6.700191916897893,43,38,4,1,F M S,AC Milan,11,7.283670171163976,14.174336638301613,2.427316538989544,2020-2021,serie_a
6155,Robin Gosens,32,2545,11,9.200873645953834,6,3.659894337877631,52,29,7,1,D M S,Atalanta,11,9.200873645953834,19.697853587567806,9.911518156528471,2020-2021,serie_a
6980,Francesco Caputo,25,1703,11,10.661260874941943,5,2.4441555589437485,43,17,1,0,F S,Sassuolo,8,8.377364473417401,11.6144299171865,2.234466548077762,2020-2021,serie_a
7999,Hirving Lozano,32,1977,11,11.048793226480484,3,5.134571613743901,60,35,6,0,F M S,Napoli,11,11.048793226480484,18.904369421303272,5.182014174759388,2020-2021,serie_a
9018,M&#039;Bala Nzola,25,1900,11,9.37700960971415,3,2.4146380070596933,45,22,5,0,F S,Spezia,7,6.331814238801599,10.097771633416414,2.79205577261746,2020-2021,serie_a
677,Jordan Veretout,29,2086,10,8.361263925209641,2,2.954237300902605,40,26,4,0,M S,Roma,5,4.554849689826369,16.5583109613508,11.905252249911427,2020-2021,serie_a
2252,Borja Mayoral,31,1544,10,7.814331233501434,2,2.1106688687577844,39,23,1,0,F M S,Roma,10,7.814331233501434,11.527099151164292,3.751207247376442,2020-2021,serie_a
5322,Victor Osimhen,24,1576,10,10.599773969501255,3,3.314269673079252,66,25,4,0,F S,Napoli,10,10.599773969501255,13.79455208964646,2.8872876074165106,2020-2021,serie_a
1145,Rodrigo de Paul,36,3206,9,6.263157410547137,9,11.695024912245572,82,81,3,2,M,Udinese,6,3.979260929860175,18.21116973087192,9.883927524089811,2020-2021,serie_a
1219,Luis Alberto,34,2663,9,5.5373052498325706,2,6.699443064630032,69,80,5,0,M S,Lazio,9,5.5373052498325706,18.11697393655777,8.427640976384282,2020-2021,serie_a
1384,Dries Mertens,29,1466,9,6.0316783264279366,8,4.320107800886035,55,36,2,0,F M S,Napoli,9,6.0316783264279366,10.975777942687271,2.574724580161273,2020-2021,serie_a
1433,Federico Chiesa,33,2508,9,8.40189341083169,9,9.079393555410206,70,50,3,1,D M S,"Fiorentina,Juventus",9,8.40189341083169,23.509380815550685,9.355968464165926,2020-2021,serie_a
1473,Matteo Politano,37,1913,9,6.307764271274209,4,3.720510650426149,62,35,3,0,F M S,Napoli,9,6.307764271274209,14.585710383951664,6.681765949353576,2020-2021,serie_a
1810,Roberto Soriano,37,3261,9,6.679309531114996,6,7.547536195255816,60,52,5,0,F M,Bologna,9,6.679309531114996,19.72574256360531,9.217681733891368,2020-2021,serie_a
8838,Junior Messias,36,3224,9,7.364539722912013,4,3.203523626551032,99,32,6,0,F M,Crotone,9,7.364539722912013,14.380895154550672,6.588674336671829,2020-2021,serie_a
1136,Gianluca Lapadula,37,2596,8,10.252222057431936,2,3.799660135060549,75,33,2,0,F S,Benevento,8,9.490923281759024,11.750600645318627,2.0247272849082947,2020-2021,serie_a
1386,Piotr Zielinski,36,2581,8,4.938675232231617,10,5.97385511547327,60,57,2,0,F M S,Napoli,8,4.938675232231617,16.862527072429657,9.262352772057056,2020-2021,serie_a
1809,Joaquín Correa,28,1948,8,7.407988777384162,3,2.480826238170266,54,29,1,1,F S,Lazio,7,6.646689957007766,11.752042971551418,4.365454064682126,2020-2021,serie_a
2116,Felipe Caicedo,25,915,8,5.328443385660648,0,0.7250618766993284,31,12,5,0,F S,Lazio,7,4.567144550383091,6.085478316992521,1.311192026361823,2020-2021,serie_a
5954,Eldor Shomurodov,31,1669,8,6.09060649946332,1,2.315660359337926,38,20,1,0,F S,Genoa,8,6.09060649946332,10.619330724701284,2.4501007795333862,2020-2021,serie_a
6253,Gianluca Scamacca,26,1345,8,7.833276115357876,2,2.865034457296133,47,16,1,0,F S,Genoa,6,6.310678444802761,8.873395206406713,1.4219376435503364,2020-2021,serie_a
6512,Musa Barrow,38,2946,8,8.407220395281911,8,6.859125861898065,88,60,0,0,F M S,Bologna,8,7.6459215600043535,16.327483396977186,7.66667655762285,2020-2021,serie_a
7947,Ruslan Malinovskiy,36,1896,8,5.490408677607775,12,10.381316617131231,67,80,3,0,F M S,Atalanta,7,4.729109887033701,20.15699155628681,9.691358020529153,2020-2021,serie_a
498,Alexis Sánchez,30,1123,7,6.588534958660603,6,5.598185421898961,29,34,0,0,F S,Inter,7,5.827236138284206,16.03075947985053,7.971674792468548,2020-2021,serie_a
1115,Goran Pandev,29,1400,7,4.1411514254286885,3,1.401775412261486,20,14,5,0,F M S,Genoa,6,3.379852590151131,9.656093129888175,5.691990000195801,2020-2021,serie_a
1123,Juraj Kucka,28,2354,7,7.063271684572101,2,2.234635768458247,60,16,8,0,F M,Parma Calcio 1913,3,4.018116371706128,10.171622073277833,5.765547566115856,2020-2021,serie_a
1210,Keita,25,1194,7,6.294309325516224,1,2.7266790736466646,44,21,4,1,F S,Sampdoria,7,6.294309325516224,6.939055390655994,0.8689173357561231,2020-2021,serie_a
1253,Edin Dzeko,27,1838,7,14.253509394824505,3,2.3740067668259144,70,29,2,0,F S,Roma,7,13.492210559546947,17.41826543956995,5.702214466407895,2020-2021,serie_a
1471,Lorenzo Pellegrini,34,2623,7,6.706333101727068,6,7.675146299414337,70,65,10,0,M S,Roma,6,5.945034273900092,17.720130121335387,9.433373734354973,2020-2021,serie_a
1543,Sergej Milinkovic-Savic,32,2768,7,6.003303619101644,10,6.2823144579306245,63,43,4,0,M,Lazio,7,6.003303619101644,17.17150905355811,10.46323261409998,2020-2021,serie_a
2547,Theo Hernández,33,2940,7,4.432333322241902,5,5.13962887506932,48,42,9,0,D,AC Milan,7,4.432333322241902,16.054130483418703,10.365890339016914,2020-2021,serie_a
5197,Achraf Hakimi,37,2674,7,5.093553259968758,8,6.444576805457473,38,36,6,0,D M S,Inter,7,5.093553259968758,19.710318511351943,12.573807395994663,2020-2021,serie_a
5509,Hernani,33,2217,7,3.116439377889037,3,2.4527115505188704,34,35,11,0,M S,Parma Calcio 1913,6,2.3552210088819265,6.408900015056133,3.3981348779052496,2020-2021,serie_a
6160,Riccardo Orsolini,34,1760,7,9.021928571164608,3,2.5082903057336807,57,29,0,0,D M S,Bologna,4,6.738032184541225,10.936943421140311,4.431611527688801,2020-2021,serie_a
6208,Antonin Barak,34,2772,7,6.93989943806082,3,2.327670610975474,45,25,5,1,M S,Verona,7,6.93989943806082,14.479821397922931,8.049540368840098,2020-2021,serie_a
1102,Giovanni Simeone,33,1740,6,7.202349195256829,2,1.1221852395683527,43,12,1,0,F S,Cagliari,6,7.202349195256829,9.939094291999936,2.4762561870738864,2020-2021,serie_a
1134,Mario Pasalic,25,1100,6,4.457326013594866,2,2.9972573202103376,20,17,2,0,M S,Atalanta,6,4.457326013594866,12.333170626312494,5.933028448373079,2020-2021,serie_a
1146,Jakub Jankto,35,2439,6,4.878391657024622,3,3.033275060355664,39,30,6,0,M S,Sampdoria,6,4.878391657024622,9.964052012190225,2.905620558187365,2020-2021,serie_a
1426,Josip Ilicic,28,1527,6,5.751951334998012,9,10.86501533165574,59,61,2,0,F M S,Atalanta,4,4.229353694245219,17.907463993877172,7.254044658504426,2020-2021,serie_a
1642,Simone Zaza,29,1472,6,8.159379005432129,0,1.5617385990917685,57,13,4,0,F S,Torino,6,8.159379005432129,9.99071804061532,2.098230142146349,2020-2021,serie_a
1958,Mattia Zaccagni,36,2656,6,4.105168426409364,5,5.839982064440846,31,38,6,0,F M S,Verona,5,3.343909526243806,15.248101603239776,8.215992787852883,2020-2021,serie_a
2044,Daniele Verde,21,992,6,3.339249832555652,1,2.1137987934052944,33,10,0,0,F S,Spezia,6,3.339249832555652,5.935444336384535,1.1191165652126074,2020-2021,serie_a
7193,Rafael Leão,30,1938,6,7.025983214378357,6,4.88573332130909,43,27,5,0,F M S,AC Milan,6,7.025983214378357,13.9133108407259,3.828139977529645,2020-2021,serie_a
7500,Giacomo Raspadori,27,1224,6,5.093871857970953,0,2.294205453246832,24,26,1,0,F M S,Sassuolo,6,5.093871857970953,8.898129899054766,2.242841897532344,2020-2021,serie_a
8912,Tommaso Pobega,20,1269,6,3.648389555513859,0,0.3380108382552862,22,7,6,0,M S,Spezia,6,3.648389555513859,4.250079210847616,1.5313267260789871,2020-2021,serie_a
687,Pedro,27,1607,5,4.9878731360659,2,3.3779399590566754,43,28,3,1,M S,Roma,5,4.9878731360659,12.265264885500072,5.15206715837121,2020-2021,serie_a
1170,Gianluca Caprari,30,1900,5,3.830051966942847,6,2.463299870491028,48,34,4,1,F M S,Benevento,5,3.068753161467612,6.256533400155604,2.598371963016689,2020-2021,serie_a
1233,Filip Djuricic,32,2127,5,6.798063486814499,4,6.251605866476893,55,55,5,0,F M S,Sassuolo,4,6.036764655262232,14.895784823223948,5.054372477345169,2020-2021,serie_a
1324,Federico Dimarco,35,2615,5,2.554924106225372,3,7.502206857316196,37,74,6,0,D S,Verona,5,2.554924106225372,12.582640098407865,8.589493434876204,2020-2021,serie_a
1517,Antonio Candreva,35,2517,5,4.781777881085873,8,6.037708966992796,57,62,1,0,F M S,Sampdoria,3,3.2591802701354027,9.03814811259508,4.005647266283631,2020-2021,serie_a
1518,Rodrigo Palacio,36,2508,5,9.866806713864207,5,5.065782688558102,54,40,5,0,F M S,Bologna,5,9.866806713864207,20.146332385018468,8.023169681429863,2020-2021,serie_a
1723,Roberto Pereyra,34,2949,5,4.137737431563437,7,4.314292633906007,28,45,8,0,F M,Udinese,4,3.37643859628588,13.599072700366378,6.878924558870494,2020-2021,serie_a
1943,Gervinho,27,2040,5,3.7145398780703545,1,2.3280223635956645,32,27,0,0,F M S,Parma Calcio 1913,5,3.7145398780703545,8.166107296943665,2.5966917127370834,2020-2021,serie_a
2217,Antonio Sanabria,14,986,5,3.268285073339939,1,0.5611243899911642,20,7,2,0,F S,Torino,5,3.268285073339939,4.6225175661966205,1.4414503630250692,2020-2021,serie_a
5360,Weston McKennie,34,1684,5,5.199278868734837,2,3.8772389153018594,28,26,5,0,M S,Juventus,5,5.199278868734837,11.353354316204786,5.9089685417711735,2020-2021,serie_a
6196,Nicolas Viola,17,1042,5,3.5975686693564057,3,1.3177124112844467,18,18,0,0,M S,Benevento,1,0.5523733915761113,2.327013321220875,1.4371162503957748,2020-2021,serie_a
6960,Bremer,33,2939,5,2.9508720403537154,0,0.3044275939464569,26,7,2,0,D,Torino,5,2.9508720403537154,7.46913230791688,7.022393334656954,2020-2021,serie_a
6974,Mattias Svanberg,34,1878,5,5.1559270322322845,2,2.7285459795966744,58,15,6,1,M S,Bologna,5,5.1559270322322845,9.551723162643611,4.717855555936694,2020-2021,serie_a
6986,Hamed Junior Traore,35,1786,5,4.421584801748395,2,3.8875078605487934,42,34,6,0,F M S,Sassuolo,5,4.421584801748395,10.889406397938728,4.612819699570537,2020-2021,serie_a
7375,Roberto Piccoli,20,693,5,5.036985773593187,0,0.5007430026307702,15,3,0,0,F S,Spezia,5,5.036985773593187,6.209612634032965,0.6718838401138783,2020-2021,serie_a
7909,Gaetano Castrovilli,34,2365,5,3.1726218508556485,3,2.258746949955821,32,17,8,1,M S,Fiorentina,5,3.1726218508556485,11.659953190013766,7.339910374954343,2020-2021,serie_a
189,Hakan Calhanoglu,33,2641,4,4.757032563909888,9,8.855919186025858,84,97,4,0,M S,AC Milan,3,3.9957337211817503,15.453609466552734,9.753074357286096,2020-2021,serie_a
448,Ivan Perisic,32,1799,4,4.947716418653727,4,4.212213046848774,36,29,3,0,D F M S,Inter,4,4.947716418653727,12.467631300911307,4.807819711044431,2020-2021,serie_a
1104,Leonardo Pavoletti,33,1576,4,7.449655855074525,3,1.420117225497961,44,12,8,0,F S,Cagliari,4,7.449655855074525,8.040112026035786,1.0224450286477804,2020-2021,serie_a
1122,Manuel Locatelli,34,2887,4,3.497752932831645,2,3.230946093797684,42,37,9,0,M S,Sassuolo,2,1.9751552790403368,14.761863613501191,11.357733272016048,2020-2021,serie_a
1178,Davide Zappacosta,25,2050,4,2.5901719303801656,2,1.2276653032749891,41,12,3,0,D S,Genoa,4,2.5901719303801656,7.910429098643362,4.55435298755765,2020-2021,serie_a
1294,Paulo Dybala,20,1131,4,4.79860945045948,3,3.158298303373158,51,30,0,0,F S,Juventus,4,4.79860945045948,12.577651873230934,6.718402687460184,2020-2021,serie_a
1406,Marco Sau,24,765,4,2.3113327994942665,2,1.4944311305880549,11,19,1,1,F M S,Benevento,3,1.550114430487156,2.2915191389620304,0.4940700475126505,2020-2021,serie_a
1491,Alejandro Gomez,10,676,4,2.726887943223119,2,1.6215690225362778,29,19,0,0,F M S,Atalanta,4,2.726887943223119,6.293657153844833,3.821936570107937,2020-2021,serie_a
1492,Jasmin Kurtic,34,2757,4,3.8416092693805695,0,2.5764407934620976,35,23,5,0,M S,Parma Calcio 1913,4,3.8416092693805695,9.856570567004384,5.951420574449003,2020-2021,serie_a
1493,Andrea Petagna,26,944,4,4.297941517084837,3,3.2201087325811386,24,26,0,0,F S,Napoli,4,4.297941517084837,8.29662223905325,1.927357213571668,2020-2021,serie_a
1605,Diego Farias,29,1500,4,2.987116325646639,2,4.024919245392084,32,32,5,0,F S,Spezia,4,2.987116325646639,8.716844888404012,3.814954046159983,2020-2021,serie_a
1763,Stefano Okaka,22,1494,4,4.292407777160406,1,0.6370267337188125,24,9,2,0,F S,Udinese,4,4.292407777160406,4.708405653946102,1.4272785820066929,2020-2021,serie_a
1903,Kevin Lasagna,36,2372,4,11.374924171715977,1,3.267692799679935,72,25,1,0,F M S,"Udinese,Verona",4,11.374924171715977,15.326302723959088,1.6668750727549195,2020-2021,serie_a
2711,Aleksey Miranchuk,25,641,4,1.5803114641457796,2,2.1162480507045984,15,14,0,0,M S,Atalanta,4,1.5803114641457796,7.139642158523202,4.501205984503031,2020-2021,serie_a
3259,Adam Ounas,22,1531,4,3.4181644655764103,3,4.25723272562027,31,28,1,0,F M S,"Cagliari,Crotone",4,3.4181644655764103,9.250541046261787,2.6765757193788886,2020-2021,serie_a
3291,Adrien Rabiot,34,2310,4,2.824279246851802,2,1.773316403850913,33,10,5,1,M S,Juventus,4,2.824279246851802,13.158003136515616,9.666411442682149,2020-2021,serie_a
3544,Jeremie Boga,27,1785,4,4.477026155218482,2,1.1497484277933836,32,11,0,0,M S,Sassuolo,4,4.477026155218482,7.505357516929507,2.886572618968785,2020-2021,serie_a
3978,Marco Faraoni,34,2902,4,3.497334649786353,7,4.374069698154926,34,22,8,0,D S,Verona,4,3.497334649786353,11.301357064396145,6.568548955023289,2020-2021,serie_a
6159,Gianluca Mancini,33,2857,4,2.6674899412319064,2,1.0118546895682812,28,8,10,0,D,Roma,4,2.6674899412319064,11.487869089469314,10.009989658370614,2020-2021,serie_a
6421,Brahim Diaz,27,1254,4,3.5914489794522524,3,1.3711145296692848,26,19,2,0,M S,AC Milan,4,3.5914489794522524,6.498397829942405,3.0602291831746697,2020-2021,serie_a
6517,Charalampos Lykogiannis,31,2447,4,1.856371259316802,2,1.2530354307964444,28,13,6,2,D M S,Cagliari,4,1.856371259316802,7.418601565063,5.596150868572295,2020-2021,serie_a
6691,Dejan Kulusevski,35,1917,4,3.3344092592597008,3,6.333949090912938,34,52,7,0,D F M S,Juventus,4,3.3344092592597008,16.382544562220573,8.5699841119349,2020-2021,serie_a
8913,Emmanuel Gyasi,37,2869,4,5.116820897907019,6,4.339981388300657,29,28,4,0,F S,Spezia,4,5.116820897907019,12.612698964774609,4.777365434914827,2020-2021,serie_a
557,Matteo Darmian,29,1364,3,1.5930010229349136,3,1.0115783233195543,9,12,5,0,D M S,"Inter,Parma Calcio 1913",3,1.5930010229349136,4.924568220973015,3.017340824007988,2020-2021,serie_a
646,Christian Eriksen,26,1401,3,1.18103361222893,0,2.388552473857999,29,30,1,0,M S,Inter,3,1.18103361222893,8.246588556095958,6.635255221277475,2020-2021,serie_a
1106,Darko Lazovic,32,2504,3,3.1488924957811832,6,5.400703484192491,33,34,3,0,D M S,Verona,3,3.1488924957811832,13.290356880053878,7.499545521102846,2020-2021,serie_a
1121,Giacomo Bonaventura,34,2288,3,2.934241278097033,2,3.2226443886756897,44,24,5,0,M S,Fiorentina,3,2.934241278097033,8.718346842564642,4.8119968650862575,2020-2021,serie_a
1223,Milan Skriniar,32,2782,3,2.3304228261113167,0,0.5906466878950596,15,9,1,0,D S,Inter,3,2.3304228261113167,14.714334949851036,14.530002899467943,2020-2021,serie_a
1383,Manolo Gabbiadini,16,879,3,2.6930756866931915,2,1.7783840987831354,29,11,1,0,F S,Sampdoria,2,1.931857317686081,5.177682546898723,1.9985928069800136,2020-2021,serie_a
1409,Nicolò Barella,36,2912,3,2.443391965702176,7,5.978034526109695,36,47,5,0,M S,Inter,3,2.443391965702176,21.87855887413025,16.562511831521988,2020-2021,serie_a
1468,Gregoire Defrel,28,1340,3,2.321673172526061,3,1.0106601603329182,22,19,1,0,F M S,Sassuolo,3,2.321673172526061,6.303596757352352,3.7277063438668847,2020-2021,serie_a
1496,Roberto Gagliardini,28,1225,3,1.2104502124711871,2,1.891990652307868,17,8,2,0,M S,Inter,3,1.2104502124711871,7.053188756108284,4.390993695706129,2020-2021,serie_a
1523,Danilo D&#039;Ambrosio,19,679,3,1.967871863394976,0,0.2012898623943328,8,3,2,0,D S,Inter,3,1.967871863394976,2.591907974332571,2.384026121348142,2020-2021,serie_a
1537,Sasa Lukic,32,2116,3,1.948836291208864,0,1.2659294111654162,19,23,4,0,M S,Torino,3,1.948836291208864,5.519555593840778,3.236969123594463,2020-2021,serie_a
1569,Valerio Verre,27,994,3,2.109388402663172,3,1.8456457890570164,24,19,3,0,M S,Sampdoria,3,2.109388402663172,6.058048563078046,2.701001638546586,2020-2021,serie_a
1577,Marko Pjaca,35,1409,3,2.8198548052459955,2,2.1108859162777662,29,14,0,0,F M S,Genoa,3,2.8198548052459955,6.316302241757512,2.0901232855394483,2020-2021,serie_a
1972,Gaetano Letizia,24,1567,3,0.4204478589817881,1,1.2012780103832483,13,14,2,0,D S,Benevento,3,0.4204478589817881,3.6646597059443593,2.822899291291833,2020-2021,serie_a
2053,Martin Erlic,27,1786,3,1.4483477659523487,1,0.485311895608902,9,1,6,0,D S,Spezia,3,1.4483477659523487,2.894429944455624,2.8831740841269493,2020-2021,serie_a
2447,Fabián,33,2577,3,2.5515004927292466,1,1.827537814155221,43,40,1,0,M S,Napoli,3,2.5515004927292466,16.610890589654446,13.18125981837511,2020-2021,serie_a
3821,Rolando Mandragora,27,1917,3,3.445586168207228,1,0.5977569790557027,35,19,3,1,M S,"Torino,Udinese",3,3.445586168207228,7.988405993208289,4.565368033014238,2020-2021,serie_a
4348,Tolgay Arslan,30,1861,3,0.9118154561147094,0,0.5380894932895899,22,9,9,0,M S,Udinese,3,0.9118154561147094,5.483984441496432,4.289577022194862,2020-2021,serie_a
6174,Nikola Milenkovic,34,3038,3,3.940239657647908,1,0.6531146448105574,22,7,7,1,D,Fiorentina,3,3.940239657647908,8.42001074552536,6.181351879611611,2020-2021,serie_a
6201,Andrej Galabinov,12,411,3,2.96411706879735,1,0.2416317462921142,8,3,0,0,F S,Spezia,3,2.202818233519793,2.7756912112236023,0.4455860070884228,2020-2021,serie_a
6978,Giovanni Di Lorenzo,36,3240,3,4.016951352357864,6,5.703629858791828,28,49,11,0,D,Napoli,3,4.016951352357864,18.72520815767348,14.584343420341613,2020-2021,serie_a
6997,Ignacio Pussetto,11,761,3,2.382127902470529,1,1.0900549329817295,17,8,2,0,F S,Udinese,3,2.382127902470529,3.6208870373666286,1.3502654805779457,2020-2021,serie_a
7939,Morten Thorsby,33,2647,3,2.763799811713397,1,1.0206933501176536,22,18,10,0,M S,Sampdoria,3,2.763799811713397,6.600822178646922,4.005228387191892,2020-2021,serie_a
8856,Razvan Marin,37,2995,3,1.3309972770512104,6,3.8396787755191326,27,68,6,0,M S,Cagliari,3,1.3309972770512104,9.81831580772996,7.314298069104552,2020-2021,serie_a
8944,Giulio Maggiore,33,2231,3,5.055750848725438,1,1.886112155392766,40,13,3,0,M S,Spezia,3,5.055750848725438,9.435786681249738,4.3090628776699305,2020-2021,serie_a
9226,Mihai Valentin Mihaila,16,679,3,2.942351028323173,0,0.3544315677136183,19,7,2,0,F S,Parma Calcio 1913,3,2.942351028323173,4.353971650823951,1.1078739017248154,2020-2021,serie_a
3,Luca Caldirola,25,1560,2,0.5324269495904446,0,0.1576358098536729,7,6,3,1,D S,Benevento,2,0.5324269495904446,2.15018835105002,2.036787203513086,2020-2021,serie_a
329,Franck Ribéry,29,2195,2,2.8616742491722107,6,5.521392501890659,21,35,6,1,F M S,Fiorentina,2,2.8616742491722107,12.207906886935234,5.992202263325453,2020-2021,serie_a
411,Albin Ekdal,32,2301,2,0.8595552882179618,1,0.9703601310029626,14,11,9,0,M S,Sampdoria,2,0.8595552882179618,4.922459287568927,3.854888558387756,2020-2021,serie_a
504,Aaron Ramsey,22,1105,2,4.651268949732184,4,3.7844063509255648,24,31,2,0,M S,Juventus,2,4.651268949732184,12.456481385044754,4.783558956347406,2020-2021,serie_a
1089,Juan Cuadrado,30,2185,2,2.450692845508456,10,9.995606675744057,19,60,9,1,D M S,Juventus,1,1.6893940083682537,17.964835150167346,13.353020135313272,2020-2021,serie_a
1096,Armando Izzo,25,2025,2,0.8309772666543722,0,0.1721509955823421,14,3,3,0,D S,Torino,2,0.8309772666543722,4.837525825947523,4.579219106584787,2020-2021,serie_a
1098,Miguel Veloso,21,1312,2,1.782979005947709,2,0.6269579427316785,12,11,1,0,M S,Verona,0,0.2603813745081424,5.07194546982646,4.508933229371905,2020-2021,serie_a
1193,Lorenzo De Silvestri,29,2160,2,2.058621007949114,0,0.7418602285906672,11,13,4,0,D S,Bologna,2,2.058621007949114,6.3160657081753016,5.46388547308743,2020-2021,serie_a
1272,Ilija Nestorovski,22,666,2,5.14358844794333,2,1.8310505552217364,25,14,1,0,F S,Udinese,2,5.14358844794333,6.923710269853473,0.840439023450017,2020-2021,serie_a
1287,Leonardo Bonucci,26,2037,2,3.64591883122921,0,0.8696581423282623,16,3,3,0,D S,Juventus,2,3.64591883122921,8.378460876643658,8.037180066108704,2020-2021,serie_a
1289,Alex Sandro,26,1857,2,1.7777630481868982,1,2.1029492877423763,13,18,2,0,D S,Juventus,2,1.7777630481868982,13.927047258242965,11.550253914669156,2020-2021,serie_a
1313,Riccardo Saponara,11,444,2,1.184926576912403,0,0.7230105996131897,10,5,0,1,F M S,"Fiorentina,Spezia",2,1.184926576912403,2.570357158780098,0.842733733355999,2020-2021,serie_a
1395,Vlad Chiriches,24,1859,2,0.9795921221375464,1,0.4406387424096465,12,8,6,0,D S,Sassuolo,2,0.9795921221375464,7.56403131224215,7.193957118317485,2020-2021,serie_a
1425,Nikola Kalinic,19,1077,2,4.222124427556992,0,0.4376770835369825,24,9,2,0,F S,Verona,2,4.222124427556992,6.133594676852226,1.945760503411293,2020-2021,serie_a
1484,Rafael Toloi,31,2542,2,3.292238790541888,0,0.8902786783874035,29,15,10,0,D S,Atalanta,2,3.292238790541888,12.477382320910692,10.51220765337348,2020-2021,serie_a
1488,Remo Freuler,34,2726,2,2.010777423158288,3,3.953511436469853,20,30,5,0,M S,Atalanta,2,2.010777423158288,16.8362388163805,13.41757134348154,2020-2021,serie_a
1500,Leonardo Spinazzola,27,2137,2,2.179633273743093,4,6.562453709542751,22,37,0,0,D S,Roma,2,2.179633273743093,14.653724893927574,6.960796166211367,2020-2021,serie_a
1511,Marcelo Brozovic,33,2592,2,1.0476511027663946,6,4.675889806821942,25,44,7,1,M S,Inter,2,1.0476511027663946,17.032286735251546,14.76291429810226,2020-2021,serie_a
1574,Davide Calabria,32,2652,2,1.945541861467064,1,1.7728252755478024,24,21,7,0,D M S,AC Milan,2,1.945541861467064,8.915328809991479,5.882050005719066,2020-2021,serie_a
1604,Artur Ionita,36,2861,2,1.482278300449252,0,0.8480779156088829,23,14,6,0,F M S,Benevento,2,1.482278300449252,4.376635106280446,3.21599827054888,2020-2021,serie_a
1617,Roberto Insigne,30,1598,2,3.68778324034065,4,3.850396898575127,39,40,2,0,F M S,Benevento,2,3.68778324034065,9.60348304733634,3.027284560725093,2020-2021,serie_a
1800,Kamil Glik,36,3208,2,3.2730786772444844,1,0.3577797338366508,28,4,7,1,D,Benevento,2,3.2730786772444844,4.954513457603753,4.544664883986116,2020-2021,serie_a
1826,Nicola Sansone,26,1163,2,4.247089342214167,2,2.597226374782622,31,31,2,0,M S,Bologna,2,4.247089342214167,7.9982817731797695,2.360999930649996,2020-2021,serie_a
1896,Riccardo Gagliolo,28,1953,2,3.4122048392891884,2,0.923083622008562,19,17,6,0,D S,Parma Calcio 1913,2,3.4122048392891884,5.224197598174214,3.520141292363405,2020-2021,serie_a
1942,Martín Cáceres,29,2241,2,1.8278058059513569,2,1.156830683350563,15,10,4,0,D S,Fiorentina,2,1.8278058059513569,6.779381621629,5.810165850445628,2020-2021,serie_a
1997,Andrea Favilli,11,330,2,1.8720828294754028,0,0.1120312362909317,13,2,1,0,F S,Verona,2,1.8720828294754028,2.8343591541051865,0.9517649114131927,2020-2021,serie_a
2019,Federico Bonazzoli,22,661,2,1.7117881393060088,3,1.3519380167126656,25,5,2,0,F S,"Sampdoria,Torino",2,1.7117881393060088,5.035986595787108,2.4764379113912582,2020-2021,serie_a
3429,Tiemoué Bakayoko,32,1985,2,1.39973518345505,1,0.7084054853767157,16,11,4,1,M S,Napoli,2,1.39973518345505,8.173933297395706,7.875642821192741,2020-2021,serie_a
3515,Valentin Eysseric,16,715,2,1.5534678176045418,0,0.868717766366899,13,8,2,0,M S,Fiorentina,2,1.5534678176045418,2.5021130023524165,1.0349078243598342,2020-2021,serie_a
3772,Maxime Lopez,29,1876,2,1.5686356332153082,0,1.082992528565228,10,20,7,0,M S,Sassuolo,2,1.5686356332153082,9.204739823937416,7.809497674927115,2020-2021,serie_a
4941,Hans Hateboer,22,1769,2,3.9474993888288736,1,1.663618571124971,27,20,3,0,D M S,Atalanta,2,3.9474993888288736,16.089722871780396,11.722094006836414,2020-2021,serie_a
5246,Diego Demme,24,1606,2,1.4193182811141014,3,2.1654972936958075,14,20,6,0,M S,Napoli,2,1.4193182811141014,10.837771439924836,8.23627613671124,2020-2021,serie_a
5700,Yann Karamoh,24,1313,2,4.817762490361929,1,1.686786402016878,22,15,3,0,F M S,Parma Calcio 1913,2,4.817762490361929,8.143271066248417,2.209301974624396,2020-2021,serie_a
6176,Adam Marusic,36,2963,2,2.182736692018807,3,1.755148314405233,27,29,2,0,D S,Lazio,2,2.182736692018807,12.361069221049547,9.413664124906065,2020-2021,serie_a
6180,Manuel Lazzari,32,2627,2,2.2203277284279466,5,3.4361851047724485,24,28,2,1,D S,Lazio,2,2.2203277284279466,12.539710402488708,7.61822671815753,2020-2021,serie_a
6203,Eddie Salcedo,21,746,2,3.781551405787468,0,0.3520810641348362,22,5,3,0,F M S,Verona,2,3.781551405787468,3.890389101579785,0.7474130410701036,2020-2021,serie_a
6262,Jens Stryger Larsen,33,2657,2,3.671282019931823,0,1.1915194587782023,23,10,0,0,D M S,Udinese,2,3.671282019931823,7.993512134999037,4.437160758301616,2020-2021,serie_a
6672,Riccardo Sottil,21,1184,2,1.3929965887218714,1,1.8543107490986583,24,16,3,0,F M S,Cagliari,2,1.3929965887218714,4.750053953379393,1.770678042434156,2020-2021,serie_a
7013,Matteo Pessina,28,1667,2,2.494798934087157,2,2.9365957155823708,22,27,2,0,M S,Atalanta,2,2.494798934087157,13.356910111382604,8.992735320702195,2020-2021,serie_a
7014,Arkadiusz Reca,30,2324,2,1.2151202969253063,3,2.7286546947434545,30,27,7,0,D S,Crotone,2,1.2151202969253063,5.255818692967296,2.4055881341919303,2020-2021,serie_a
7096,Omar Colley,29,2591,2,1.4386968314647677,0,0.0833196127787232,12,2,6,0,D S,Sampdoria,2,1.4386968314647677,4.171581842936575,4.117732997983694,2020-2021,serie_a
7218,Cristian Romero,31,2552,2,1.357945560477674,2,0.84362374804914,14,9,10,0,D S,Atalanta,2,1.357945560477674,11.660815991461275,10.999853215180336,2020-2021,serie_a
7609,Carles Pérez,21,742,2,2.882694583386183,1,1.297594465315342,23,15,0,0,F M S,Roma,2,2.882694583386183,5.875422216951847,2.4600910376757383,2020-2021,serie_a
7912,Eljif Elmas,33,683,2,1.8974498938769104,1,0.4429039880633354,14,11,2,0,M S,Napoli,2,1.8974498938769104,5.03024223446846,2.895883260294795,2020-2021,serie_a
7931,Takehiro Tomiyasu,31,2721,2,2.285686149261892,0,0.4302976559847593,16,8,4,0,D,Bologna,2,2.285686149261892,8.129149317741394,7.272037203423679,2020-2021,serie_a
7934,Andreas Skov Olsen,26,1170,2,3.8567896215245128,2,2.057478768751025,30,19,1,0,D M S,Bologna,2,3.8567896215245128,7.769138444215059,2.6343067679554224,2020-2021,serie_a
7953,Nahitan Nández,32,2747,2,3.094521352089941,2,2.628871276974678,32,30,8,1,D M S,Cagliari,2,3.094521352089941,12.315672351047397,7.109251243062317,2020-2021,serie_a
8289,Gastón Pereiro,15,249,2,2.69357891753316,2,1.2093721330165863,14,8,0,0,M S,Cagliari,2,2.69357891753316,3.649993930011988,1.1782006714493036,2020-2021,serie_a
8297,Alexis Saelemaekers,32,2065,2,3.0029865447431803,4,3.1790946424007416,28,30,5,1,D M S,AC Milan,2,3.0029865447431803,12.024507991969584,6.440727785229683,2020-2021,serie_a
8607,Adolfo Gaich,15,771,2,2.71655554510653,0,0.4256262071430683,24,5,1,0,F S,Benevento,2,2.71655554510653,2.529622685164213,0.1540378723293543,2020-2021,serie_a
8819,Mergim Vojvoda,24,1360,2,1.1738285329192877,2,0.8382814824581146,6,8,4,0,D M S,Torino,2,1.1738285329192877,3.858354113996029,2.3816201966255903,2020-2021,serie_a
8828,Ivan Ilic,29,1826,2,1.8746883114799853,0,0.5437302906066179,12,16,2,0,M S,Verona,2,1.8746883114799853,9.124275954440236,7.175519095733762,2020-2021,serie_a
8837,Vladimir Golemic,30,2331,2,1.2727307388558984,0,0.5185420596972108,6,6,4,1,D S,Crotone,1,0.511431903578341,3.358884811401367,3.269181570969522,2020-2021,serie_a
8859,Mikkel Damsgaard,35,1773,2,3.3438358455896378,4,2.121302002109587,25,25,3,0,D F M S,Sampdoria,2,3.3438358455896378,7.305470015853643,3.924193726852536,2020-2021,serie_a
8870,Sam Lammers,15,269,2,1.383544210344553,0,0.3866706658154726,9,4,0,0,F S,Atalanta,2,1.383544210344553,3.3080306872725487,2.3723877407610416,2020-2021,serie_a
8963,Nahuel Molina,29,1808,2,1.221967801451683,5,2.6992541681975126,16,22,1,0,D S,Udinese,2,1.221967801451683,8.575315464287996,5.599303305149078,2020-2021,serie_a
8974,Jens Petter Hauge,18,498,2,1.003197342157364,0,1.3209979329258204,7,11,0,0,M S,AC Milan,2,1.003197342157364,3.349377265200019,1.141933998093009,2020-2021,serie_a
9303,Dennis Man,14,695,2,2.359843293204904,1,0.4924685843288898,19,5,1,0,F M S,Parma Calcio 1913,2,2.359843293204904,4.860670296475291,2.3481678999960423,2020-2021,serie_a
222,Arturo Vidal,23,1136,1,2.757239814847708,1,0.8976628892123699,21,11,3,0,M S,Inter,1,2.757239814847708,10.247396185994148,7.8885752484202385,2020-2021,serie_a
591,Gerard Deulofeu,13,593,1,1.493438811972737,1,0.8400337994098663,17,7,0,0,F M S,Udinese,1,1.493438811972737,3.5614489763975143,1.342376623302698,2020-2021,serie_a
631,Ashley Young,26,1435,1,1.5255170846357942,4,2.137875735759735,15,29,4,0,D M S,Inter,1,1.5255170846357942,6.41377367451787,4.00071819499135,2020-2021,serie_a
703,Fikayo Tomori,17,1466,1,0.9769393457099796,0,0.0,5,0,0,0,D S,AC Milan,1,0.9769393457099796,4.9985978696495295,4.9985978696495295,2020-2021,serie_a
777,Emmanuel Rivière,21,625,1,1.370500460267067,1,0.6213746033608913,12,5,2,0,F S,Crotone,1,1.370500460267067,3.7045659869909286,2.1701222509145737,2020-2021,serie_a
841,Graziano Pellè,13,604,1,1.602039970457554,2,2.1137655712664127,14,12,1,0,F S,Parma Calcio 1913,1,1.602039970457554,4.319592647254467,2.2076486945152283,2020-2021,serie_a
845,Maya Yoshida,32,2275,1,1.53744113817811,2,0.6980126928538084,11,6,5,0,D S,Sampdoria,1,1.53744113817811,3.833265826106072,3.688499977812171,2020-2021,serie_a
922,Andreas Pereira,26,496,1,0.7673567542806268,2,1.317618913948536,14,13,5,1,M S,Lazio,1,0.7673567542806268,2.346055448055268,0.6580512067303061,2020-2021,serie_a
1000,Federico Fazio,6,409,1,0.071949865669012,0,0.0416712276637554,3,1,2,0,D S,Roma,1,0.071949865669012,1.0176696926355362,1.0176696926355362,2020-2021,serie_a
1030,Fernando Forestieri,19,532,1,1.6452000616118312,1,1.0322630293667316,11,8,1,0,F S,Udinese,1,1.6452000616118312,2.636839205399156,0.6623283820226789,2020-2021,serie_a
1099,Tomás Rincón,36,2881,1,1.3623399417847395,1,1.7819491955451667,22,14,8,1,M S,Torino,1,1.3623399417847395,10.57431039912626,8.185175070539117,2020-2021,serie_a
1117,Andrea Poli,18,376,1,0.9627706408500672,0,0.5603084452450275,3,6,1,0,M S,Bologna,1,0.9627706408500672,1.667700428515673,0.270437054336071,2020-2021,serie_a
1119,Alessio Romagnoli,22,1905,1,2.8769351541996,1,0.9673006646335124,15,3,7,0,D S,AC Milan,1,2.8769351541996,3.954332145862281,3.930021810345352,2020-2021,serie_a
1142,Samir,30,2210,1,1.3209128677845,0,0.8940232079476118,11,9,6,0,D S,Udinese,1,1.3209128677845,7.31522181071341,6.520425844937563,2020-2021,serie_a
1164,Cristiano Biraghi,35,2821,1,1.802366439253092,5,6.59233333170414,26,49,8,0,D S,Fiorentina,1,1.802366439253092,10.244546242058275,6.056158825755119,2020-2021,serie_a
1165,Gastón Brugman,26,1634,1,0.9818942537531256,1,2.600517950952053,18,26,7,0,M S,Parma Calcio 1913,1,0.9818942537531256,8.439417013898492,6.6877075377851725,2020-2021,serie_a
1168,Bryan Cristante,34,2142,1,2.3669058568775654,3,1.7371884286403656,28,16,8,0,D M S,Roma,1,2.3669058568775654,12.023615354672074,8.874588349834085,2020-2021,serie_a
1185,Iago Falque,11,355,1,0.3678576871752739,1,0.7816799487918615,11,12,0,0,M S,Benevento,1,0.3678576871752739,1.6696282401680946,0.8235455006361008,2020-2021,serie_a
1226,Karol Linetty,27,1846,1,1.0466639064252377,0,1.1230364609509706,7,15,5,0,M S,Torino,1,1.0466639064252377,5.747304739430547,3.7531141694635153,2020-2021,serie_a
1251,Radja Nainggolan,26,1887,1,1.2883636774495244,0,1.735215826891363,51,23,5,0,M S,"Cagliari,Inter",1,1.2883636774495244,8.388338558375835,6.008716840296984,2020-2021,serie_a
1252,Stephan El Shaarawy,10,564,1,1.4402228649705648,1,1.202181026339531,16,17,1,0,M S,Roma,1,1.4402228649705648,4.652149245142937,2.196976277977228,2020-2021,serie_a
1281,Giuseppe Pezzella,24,1835,1,0.2045849654823541,4,3.427357990294695,7,20,7,0,D S,Parma Calcio 1913,1,0.2045849654823541,7.788860911503434,5.628050627186894,2020-2021,serie_a
1296,Stefano Sturaro,16,872,1,1.0139360576868055,0,0.2492145206779241,6,4,6,0,M S,"Genoa,Verona",1,1.0139360576868055,2.940387763082981,2.0238027945160866,2020-2021,serie_a
1301,Daniele Rugani,16,1008,1,0.1843066960573196,1,0.6209091581404209,3,3,2,0,D S,Cagliari,1,0.1843066960573196,2.127025105059147,2.107305962592364,2020-2021,serie_a
1311,Rade Krunic,25,688,1,0.7124357242137194,2,1.2849785387516022,8,8,3,0,M S,AC Milan,1,0.7124357242137194,2.997525628656149,1.93313891813159,2020-2021,serie_a
1317,Andrés Tello,17,380,1,0.1986220413818955,0,0.0452627912163734,7,1,2,0,D S,Benevento,1,0.1986220413818955,0.6142915608361363,0.4119032733142376,2020-2021,serie_a
1380,Amadou Diawara,18,646,1,0.929735267534852,0,0.2854788601398468,7,1,2,1,M S,Roma,1,0.929735267534852,3.4258931167423725,2.4961578585207462,2020-2021,serie_a
1394,Lorenzo Tonelli,23,1787,1,2.15802232734859,0,0.0,13,0,11,0,D S,Sampdoria,1,2.15802232734859,2.5239516254514456,2.464731762185693,2020-2021,serie_a
1399,Bruno Alves,19,1630,1,0.3125589052215218,0,0.1124111786484718,10,2,3,0,D S,Parma Calcio 1913,1,0.3125589052215218,3.2238672291859984,3.21582055836916,2020-2021,serie_a
1423,Matías Vecino,8,278,1,0.8613556139171124,1,0.7116155028343201,6,4,0,0,M S,Inter,1,0.8613556139171124,2.488172195851803,0.9441120699048042,2020-2021,serie_a
1430,Milan Badelj,30,2419,1,0.704141903668642,4,3.033674083650112,17,28,7,0,M S,Genoa,1,0.704141903668642,9.156305680982769,6.086811393499374,2020-2021,serie_a
1445,Simone Verdi,33,1613,1,3.521898773498833,5,4.697266282513738,41,52,6,0,F M S,Torino,1,3.521898773498833,7.206543179228902,2.494846072047949,2020-2021,serie_a
1448,Erick Pulgar,31,1993,1,0.7277326788753271,3,2.1006187656894326,16,23,8,0,M S,Fiorentina,1,0.7277326788753271,4.03116874024272,2.913578752428293,2020-2021,serie_a
1458,Ibrahima Mbaye,8,427,1,0.5738174319267273,0,0.024622369557619,1,1,2,0,D S,Bologna,1,0.5738174319267273,0.833050012588501,0.2346102148294448,2020-2021,serie_a
1515,Cristian Ansaldi,31,1929,1,1.7453961921855807,6,5.254374345764518,18,35,1,0,D M S,Torino,0,0.9840973941609265,6.657864924520254,3.2433233186602592,2020-2021,serie_a
1541,Stefan de Vrij,32,2730,1,0.7699230350553989,0,0.2511619217693805,12,6,2,0,D S,Inter,1,0.7699230350553989,16.096965819597244,16.006260484457016,2020-2021,serie_a
1567,Bruno Peres,30,1402,1,1.2477688398212194,2,4.322922240942717,12,28,6,0,D M S,Roma,1,1.2477688398212194,9.766240675002337,6.725258586928248,2020-2021,serie_a
1710,Marten de Roon,35,3021,1,0.600591252092272,1,1.1421156618744135,17,19,8,1,M S,Atalanta,1,0.600591252092272,17.31304656341672,16.027623686939478,2020-2021,serie_a
1728,Fernando Llorente,17,762,1,1.873421773314476,0,0.5758714154362679,13,12,2,0,F S,"Napoli,Udinese",1,1.873421773314476,3.4078295789659023,1.56666280888021,2020-2021,serie_a
2143,Germán Pezzella,32,2749,1,1.232789452187717,0,0.6834293222054839,16,3,5,0,D,Fiorentina,1,1.232789452187717,3.2205737084150314,3.158882349729538,2020-2021,serie_a
2244,Danilo,34,2922,1,1.833502346649766,4,3.4137989468872547,19,25,6,0,D M S,Juventus,1,1.833502346649766,19.30544527992606,16.050808381289244,2020-2021,serie_a
2264,Diego Godín,28,2512,1,0.3725839778780937,0,0.9031306151300668,11,7,3,0,D,Cagliari,1,0.3725839778780937,5.613558353856206,5.564357610419393,2020-2021,serie_a
2303,Samu Castillejo,28,1154,1,2.657690042629838,0,0.8965476676821709,25,10,5,0,M S,AC Milan,1,2.657690042629838,5.590507708489895,2.6902940962463617,2020-2021,serie_a
2437,Gonzalo Escalante,24,707,1,1.071019939146936,1,0.3751792702823877,8,2,5,0,M S,Lazio,1,1.071019939146936,2.286290257237852,1.373525582253933,2020-2021,serie_a
3065,Domenico Criscito,23,1722,1,0.868794159963727,0,0.4925198070704937,6,6,6,0,D S,Genoa,0,0.1074953246861696,4.235410275869072,3.884278473444283,2020-2021,serie_a
3356,Adama Soumaoro,20,1752,1,1.2789536379277706,0,0.0398127241060137,8,3,4,0,D S,Bologna,1,1.2789536379277706,6.395028591156006,5.640583793632686,2020-2021,serie_a
3387,Nicolas N&#039;Koulou,18,1363,1,0.6929322332143784,0,0.0692175440490245,3,2,5,0,D S,Torino,1,0.6929322332143784,2.5511001655831933,2.53344598505646,2020-2021,serie_a
3550,Koffi Djidji,20,1517,1,0.3537639789283275,0,0.2551993569359183,4,4,4,0,D S,Crotone,1,0.3537639789283275,3.897352658212185,3.631723292171955,2020-2021,serie_a
3739,Soualiho Meité,30,1492,1,0.853772234171629,1,0.8431707359850407,15,13,2,0,M S,"AC Milan,Torino",1,0.853772234171629,7.5241876393556595,6.331331001594663,2020-2021,serie_a
3842,Claudio Terzi,25,1880,1,0.6255321986973286,1,0.7235089717432857,5,5,7,1,D S,Spezia,1,0.6255321986973286,3.1825989726930857,2.8888568487018347,2020-2021,serie_a
3989,Salvatore Molina,29,2336,1,0.756824872456491,4,2.424863482825458,15,25,1,0,D M S,Crotone,1,0.756824872456491,6.51159724406898,4.643263543955982,2020-2021,serie_a
4733,José Luis Palomino,36,2413,1,0.2742489990778267,2,1.1206949315965176,5,8,3,0,D S,Atalanta,1,0.2742489990778267,8.496523525565863,7.40429899469018,2020-2021,serie_a
4895,Andrea Pinamonti,8,162,1,0.6968962401151657,0,0.0586140733212232,4,2,0,0,F S,Inter,1,0.6968962401151657,1.3502267450094223,0.5947164297103882,2020-2021,serie_a
4906,Alberto Cerri,24,343,1,2.697960164397955,0,0.4341454450041055,16,6,1,0,F S,Cagliari,1,2.697960164397955,3.613207310438156,1.2948718955740333,2020-2021,serie_a
4907,Bartosz Bereszynski,31,2602,1,0.1685634143650531,0,0.8436511065810919,3,9,2,0,D S,Sampdoria,1,0.1685634143650531,5.89945524930954,5.281140275299549,2020-2021,serie_a
4917,Niccolò Zanellato,27,1643,1,0.5922183590009809,1,1.077050912193954,5,10,3,0,M S,Crotone,1,0.5922183590009809,3.410394677892328,2.834450868889689,2020-2021,serie_a
4937,Miha Zajc,31,1879,1,2.248611714690924,3,2.297627320513129,19,20,4,0,M S,Genoa,1,2.248611714690924,8.098867421969771,4.747188715264201,2020-2021,serie_a
4943,Emanuel Vignato,31,1180,1,1.561550117097795,4,3.2942991415038705,23,26,4,0,M S,Bologna,1,1.561550117097795,7.903246697038412,5.235998854972422,2020-2021,serie_a
5996,Adrien Tameze,33,2334,1,1.4005275405943394,0,1.3312495294958353,18,12,6,0,F M S,Verona,1,1.4005275405943394,6.444778571370989,4.355734568554908,2020-2021,serie_a
6156,Andreas Cornelius,29,1898,1,2.7998275067657232,4,3.1750421468168497,30,24,4,0,F M S,Parma Calcio 1913,1,2.7998275067657232,6.258009053766728,1.7902095410972834,2020-2021,serie_a
6182,Pasquale Schiattarella,29,2257,1,0.6014224030077457,1,2.2552982084453106,11,25,13,1,M S,Benevento,1,0.6014224030077457,8.082547255791724,6.711748887784779,2020-2021,serie_a
6206,Bram Nuytinck,20,1645,1,0.4682932281866669,0,0.1146676279604435,4,3,1,0,D S,Udinese,1,0.4682932281866669,2.025255453772843,1.957719848491252,2020-2021,serie_a
6303,Marvin Zeegelaar,24,1774,1,1.2140246126800776,0,1.4033573474735022,9,10,6,0,D S,Udinese,1,1.2140246126800776,4.762893971055746,2.8939462220296264,2020-2021,serie_a
6324,Marash Kumbulla,21,1368,1,0.8511868631467223,0,0.4616057686507702,6,4,8,0,D S,Roma,1,0.8511868631467223,5.459870772436261,5.023548753932118,2020-2021,serie_a
6362,Rick Karsdorp,34,2552,1,1.177090554498136,6,5.349185362458229,13,26,2,0,D S,Roma,1,1.177090554498136,15.11866688169539,10.56031900458038,2020-2021,serie_a
6464,Adrien Silva,24,1612,1,0.4733197968453169,1,0.8784745763987303,6,10,6,1,M S,Sampdoria,1,0.4733197968453169,5.023223663680255,3.9297404950484633,2020-2021,serie_a
6806,Rodrigo Becão,35,2787,1,1.8541738837957384,0,0.2160344761796295,10,7,5,0,D S,Udinese,1,1.8541738837957384,6.156189628876746,5.986801362596452,2020-2021,serie_a
6942,Arthur,22,1154,1,0.1551185846328735,0,1.2139270966872573,3,17,3,0,M S,Juventus,1,0.1551185846328735,9.972219582647083,8.813329577445984,2020-2021,serie_a
6973,Nehuén Paz,6,358,1,0.4731659162789583,0,0.0130970859900116,2,1,0,0,D S,Bologna,1,0.4731659162789583,0.2491977196186781,0.2361006336286664,2020-2021,serie_a
7003,Mehdi Bourabia,15,502,1,0.3747510910034179,0,0.113116830587387,9,2,2,0,M S,Sassuolo,1,0.3747510910034179,2.1734929978847504,1.9847509190440176,2020-2021,serie_a
7091,Christian Kouamé,33,966,1,3.507577992975712,1,1.1993616726249456,17,12,4,0,F M S,Fiorentina,1,3.507577992975712,4.358874421566725,0.4972750395536423,2020-2021,serie_a
7281,Diogo Dalot,21,1070,1,0.510490532964468,1,0.9577989876270294,10,9,5,0,D S,AC Milan,1,0.510490532964468,4.294028893113136,3.0490228794515133,2020-2021,serie_a
7472,Wilfried Stephane Singo,28,1855,1,1.138545692898333,2,3.503696907311678,10,24,2,1,D M S,Torino,1,1.138545692898333,7.574750783853233,5.378603365272284,2020-2021,serie_a
7902,Matthijs de Ligt,27,2220,1,0.9373444924131036,1,1.0053016962483523,19,9,4,0,D S,Juventus,1,0.9373444924131036,10.94204924441874,10.896855214610696,2020-2021,serie_a
7924,Amir Rrahmani,16,1086,1,0.536498423665762,0,0.0,5,0,2,0,D S,Napoli,1,0.536498423665762,2.72262691706419,2.72262691706419,2020-2021,serie_a
7933,Jerdy Schouten,34,2518,1,0.1680347053334117,1,2.569763194769621,9,24,8,1,M S,Bologna,1,0.1680347053334117,10.763231042772532,8.724707122892141,2020-2021,serie_a
7937,Julian Chabot,25,1651,1,0.8326529283076525,1,0.6921413196250796,9,5,9,1,D S,Spezia,1,0.8326529283076525,3.354885783046484,3.23951805010438,2020-2021,serie_a
7938,Tommaso Augello,37,3225,1,0.3225634284317493,3,4.010365406051278,8,30,2,1,D M,Sampdoria,1,0.3225634284317493,7.994399705901742,5.77727796882391,2020-2021,serie_a
7993,Ernesto Torregrossa,6,164,1,0.461072027683258,0,0.168173530139029,4,3,0,0,F S,Sampdoria,1,0.461072027683258,0.3525260332971811,0.0894671753048896,2020-2021,serie_a
8010,Kevin Agudelo,29,1349,1,1.294300563633442,2,1.2034306079149246,19,12,4,0,F S,Spezia,1,1.294300563633442,4.601857777684927,2.2041109930723906,2020-2021,serie_a
8029,Lisandro Magallán,28,2192,1,0.8408089722506702,2,0.3478553406894207,8,9,10,0,D S,Crotone,1,0.8408089722506702,4.786471668630838,4.124260794371367,2020-2021,serie_a
8034,Georgios Kyriakopoulos,23,1455,1,1.6583543494343758,0,1.386806908994913,24,15,1,1,D M S,Sassuolo,1,1.6583543494343758,5.230023482814431,2.635903246700764,2020-2021,serie_a
8161,Ebrima Colley,23,709,1,2.255907909944653,0,0.6599306911230087,17,8,1,0,F M S,Verona,1,2.255907909944653,4.452987983822823,2.3804356940090656,2020-2021,serie_a
8252,Nicolás Domínguez,28,1248,1,1.1875594900920987,0,1.5692008547484877,18,20,8,0,M S,Bologna,1,1.1875594900920987,4.240805646404624,2.4749363847076893,2020-2021,serie_a
8298,Lennart Czyborra,17,1182,1,0.1561848251149058,0,0.2227930277585983,5,4,2,0,D S,Genoa,1,0.1561848251149058,1.728183912113309,1.472681101411581,2020-2021,serie_a
8313,Pierre Kalulu Kyatengwa,13,725,1,0.7651953622698784,1,0.6814028667286038,3,6,1,0,D S,AC Milan,1,0.7651953622698784,2.8598673678934574,2.718352396041155,2020-2021,serie_a
8839,Eduardo Henrique,18,906,1,0.9185773329809308,0,0.1751605654135346,9,6,4,0,M S,Crotone,1,0.9185773329809308,2.3496889444068074,1.36636209115386,2020-2021,serie_a
8883,Riccardo Improta,34,2329,1,1.7657602205872536,0,2.673960618674755,35,22,7,0,D M S,Benevento,1,1.7657602205872536,6.814544703811407,3.424229610711336,2020-2021,serie_a
8884,Alessandro Tuia,27,1766,1,0.4775643339380622,0,0.4868724253028631,8,3,6,0,D S,Benevento,1,0.4775643339380622,2.3737154733389616,2.294802714139223,2020-2021,serie_a
8916,Simone Bastoni,22,1538,1,1.2031521564349532,6,2.627111346460879,21,29,7,0,D S,Spezia,1,1.2031521564349532,5.448462747037411,2.7633601147681475,2020-2021,serie_a
8926,Milos Vulic,25,1299,1,0.9432992497459054,1,1.4631514251232147,17,21,2,0,M S,Crotone,1,0.9432992497459054,3.322520578280092,1.568398174829781,2020-2021,serie_a
9002,Vedat Muriqi,27,809,1,3.2703414298594,0,0.6183617673814297,31,9,1,0,F S,Lazio,1,3.2703414298594,5.916455704718828,2.186856877990067,2020-2021,serie_a
9019,Lucas Martínez Quarta,21,1486,1,1.7068059733137488,0,0.2857524808496237,17,6,4,1,D S,Fiorentina,1,1.7068059733137488,3.2530731316655874,2.141294537112117,2020-2021,serie_a
9022,Amer Gojak,15,466,1,0.7937221610918641,1,0.2250655628740787,8,7,1,0,F M S,Torino,1,0.7937221610918641,1.7585979402065277,0.9703704342246056,2020-2021,serie_a
9029,Simon Sohm,18,887,1,0.8262076191604137,0,0.5175640136003494,5,4,1,0,F M S,Parma Calcio 1913,1,0.8262076191604137,2.626636167988181,1.9673751201480627,2020-2021,serie_a
9090,Ardian Ismajli,17,1294,1,0.668644929304719,1,0.6446986775845289,6,2,1,1,D S,Spezia,1,0.668644929304719,2.260974158532917,2.147379479371012,2020-2021,serie_a
9104,Juan Brunetta,12,470,1,0.8289859667420387,2,0.8405394461005926,10,8,3,0,F M S,Parma Calcio 1913,1,0.8289859667420387,2.454839657992125,1.4182397443801165,2020-2021,serie_a
9334,Jayden Braaf,4,106,1,0.1531430128961801,0,0.0185455717146396,2,1,0,0,F S,Udinese,1,0.1531430128961801,0.2508421819657087,0.0976991653442382,2020-2021,serie_a
257,Jeremy Toljan,26,1491,0,0.3657560646533966,1,0.8785574361681938,5,14,2,0,D M S,Sassuolo,0,0.3657560646533966,6.085205964744091,5.302931107580662,2020-2021,serie_a
265,Ragnar Klavan,15,768,0,0.1802556570619344,0,0.0287017133086919,6,1,1,0,D S,Cagliari,0,0.1802556570619344,1.3084322437644005,1.2925889417529106,2020-2021,serie_a
308,Ricardo Rodríguez,16,1261,0,0.51084856223315,0,0.2188582178205251,13,5,1,0,D S,Torino,0,0.51084856223315,2.7421524142846465,2.54089262150228,2020-2021,serie_a
347,Kaan Ayhan,19,769,0,0.4481474682688713,0,0.0685624033212661,5,2,2,0,D S,Sassuolo,0,0.4481474682688713,3.0136320739984512,3.0136320739984512,2020-2021,serie_a
393,Douglas Costa,2,38,0,0.0,0,0.0483775287866592,0,1,0,0,S,Juventus,0,0.0,0.6014609932899475,0.6014609932899475,2020-2021,serie_a
475,Lucas Leiva,32,2175,0,0.3638603389263153,0,0.5465138982981443,12,7,10,0,M S,Lazio,0,0.3638603389263153,10.548987675458193,9.717122167348862,2020-2021,serie_a
505,David Ospina,16,1440,0,0.0,1,0.0706194788217544,0,2,2,0,GK,Napoli,0,0.0,4.088956248015165,4.018336813896895,2020-2021,serie_a
542,Pedro Obiang,33,1458,0,0.5482167294248939,1,1.0328481569886208,16,12,4,1,M S,Sassuolo,0,0.5482167294248939,5.4001562260091305,4.113887259736657,2020-2021,serie_a
570,Valon Behrami,26,875,0,0.5494668427854776,0,0.0967194698750972,4,2,1,1,M S,Genoa,0,0.5494668427854776,1.6837092321366072,1.0375229138880968,2020-2021,serie_a
621,Aleksandar Kolarov,7,384,0,0.1070281825959682,1,1.3366777375340462,6,6,0,0,D S,Inter,0,0.1070281825959682,4.709816046059132,4.309670098125935,2020-2021,serie_a
628,Chris Smalling,16,1102,0,0.2958589624613523,1,0.8814984560012817,7,2,3,0,D S,Roma,0,0.2958589624613523,5.433423707261682,5.433423707261682,2020-2021,serie_a
952,Gastón Ramírez,25,954,0,0.7901074788533151,4,2.4478812776505947,12,21,5,0,F M S,Sampdoria,0,0.7901074788533151,4.220692824572325,2.5902692694216967,2020-2021,serie_a
1093,Mattia Perin,32,2880,0,0.0,0,0.0212614275515079,0,1,1,1,GK,Genoa,0,0.0,3.2723713722079992,3.251109944656492,2020-2021,serie_a
1114,Davide Biraschi,13,918,0,0.0724561410024762,0,0.0,2,0,2,0,D S,Genoa,0,0.0724561410024762,2.585430728271604,2.512974587269128,2020-2021,serie_a
1116,Gianluigi Donnarumma,37,3330,0,0.0,0,0.0,0,0,1,0,GK,AC Milan,0,0.0,4.617561143822968,4.617561143822968,2020-2021,serie_a
1120,Mattia De Sciglio,1,23,0,0.0344245284795761,0,0.0,1,0,0,0,S,Juventus,0,0.0344245284795761,0.0344245284795761,0.0,2020-2021,serie_a
1133,Cristian Zapata,12,968,0,0.084090543910861,0,0.0236127786338329,3,1,2,0,D,Genoa,0,0.084090543910861,0.8870150521397591,0.8738427478820086,2020-2021,serie_a
1140,Danilo,35,3132,0,0.9375769719481468,1,1.5876749232411385,15,9,7,0,D S,Bologna,0,0.9375769719481468,7.381945650093257,6.595583111979067,2020-2021,serie_a
1153,Ryder Matos,1,11,0,0.0,0,0.0301396250724792,0,1,0,0,S,Udinese,0,0.0,0.0468325838446617,0.0166929587721824,2020-2021,serie_a
1158,Simone Scuffet,1,90,0,0.0,0,0.0,0,0,0,0,GK,Udinese,0,0.0,0.0,0.0,2020-2021,serie_a
1166,Ahmed Benali,18,1220,0,0.8533957535400987,1,1.1067887372337282,10,14,2,0,M S,Crotone,0,0.8533957535400987,3.220043764449656,1.9694451177492736,2020-2021,serie_a
1181,Antonio Barreca,3,86,0,0.0728531405329704,0,0.0405722111463546,2,1,0,0,D S,Fiorentina,0,0.0728531405329704,0.1328553520143032,0.059657659381628,2020-2021,serie_a
1182,Daniele Baselli,15,369,0,0.2182702682912349,0,0.7608733857050538,5,9,2,0,M S,Torino,0,0.2182702682912349,1.6164580639451742,0.9866998009383678,2020-2021,serie_a
1195,Daniele Padelli,1,42,0,0.0,0,0.0,0,0,0,0,S,Inter,0,0.0,0.0,0.0,2020-2021,serie_a
1200,Federico Marchetti,4,337,0,0.0,0,0.0,0,0,0,0,GK,Genoa,0,0.0,0.3595988303422928,0.3595988303422928,2020-2021,serie_a
1203,Wesley Hoedt,17,944,0,0.1337106116116047,0,0.1067909207195043,2,3,6,0,D S,Lazio,0,0.1337106116116047,1.705201592296362,1.684950178489089,2020-2021,serie_a
1204,Patric,25,1605,0,0.5272484673187137,1,1.1129919192753732,7,11,8,0,D S,Lazio,0,0.5272484673187137,6.558207914233208,5.445961855351925,2020-2021,serie_a
1205,Senad Lulic,16,713,0,0.4823400359600782,0,0.363388117402792,6,4,1,0,D S,Lazio,0,0.4823400359600782,2.280831541866064,1.5769146010279655,2020-2021,serie_a
1206,Danilo Cataldi,19,552,0,0.3220281479880214,0,0.2362212780863046,6,5,4,0,M S,Lazio,0,0.3220281479880214,3.0926152020692825,2.645461544394493,2020-2021,serie_a
1207,Marco Parolo,18,645,0,0.4395402278751135,2,0.8719103187322617,7,4,5,0,D M S,Lazio,0,0.4395402278751135,2.6637948965653777,1.6587084094062448,2020-2021,serie_a
1214,Thomas Strakosha,9,810,0,0.0,0,0.0,0,0,1,0,GK,Lazio,0,0.0,1.1268921750597656,1.1268921750597656,2020-2021,serie_a
1221,Jacopo Sala,6,383,0,0.0,0,0.8362631499767303,0,3,1,0,D S,Spezia,0,0.0,1.2708783149719238,0.4346151351928711,2020-2021,serie_a
1224,Vasco Regini,3,85,0,0.0,0,0.0442039556801319,0,1,0,0,D S,Sampdoria,0,0.0,0.0442039556801319,0.0,2020-2021,serie_a
1238,Luca Cigarini,14,957,0,0.5393785377964377,0,1.1419161465018988,16,16,3,1,M S,Crotone,0,0.5393785377964377,2.9676890037953854,2.067088473588228,2020-2021,serie_a
1241,Pedro Pereira,35,2571,0,0.9247756535187364,4,3.147910486906767,14,21,6,0,D M S,Crotone,0,0.9247756535187364,6.387206848710775,3.6956889256834975,2020-2021,serie_a
1244,Wojciech Szczesny,30,2679,0,0.0,1,0.1083539798855781,0,1,0,0,GK,Juventus,0,0.0,7.2181338761001825,7.2181338761001825,2020-2021,serie_a
1246,Kostas Manolas,30,2306,0,0.9578737057745456,0,0.495961619541049,8,6,5,0,D S,Napoli,0,0.9578737057745456,11.149812195450068,10.697536587715147,2020-2021,serie_a
1247,Juan Jesus,5,150,0,0.0,0,0.0,0,0,0,0,S,Roma,0,0.0,0.836048174649477,0.836048174649477,2020-2021,serie_a
1256,Kevin Strootman,18,1339,0,0.5849704565480351,4,3.2770715691149235,6,23,7,0,M,Genoa,0,0.5849704565480351,6.190918548963964,3.360194057226181,2020-2021,serie_a
1264,Edoardo Goldaniga,25,1852,0,0.4003205318003893,1,0.7094416413456202,8,7,8,0,D S,Genoa,0,0.4003205318003893,3.3649354372173548,2.914272513240576,2020-2021,serie_a
1273,Mato Jajalo,1,29,0,0.0,0,0.0,0,0,0,0,S,Udinese,0,0.0,0.0,0.0,2020-2021,serie_a
1274,Andrea Rispoli,19,631,0,0.4018618152476847,0,0.5106200752779841,4,11,4,0,D M S,Crotone,0,0.4018618152476847,1.956892942078412,1.2459585117176175,2020-2021,serie_a
1285,Gianluigi Buffon,8,720,0,0.0,0,0.0,0,0,0,0,GK,Juventus,0,0.0,1.7219810597598553,1.7219810597598553,2020-2021,serie_a
1295,Mario Mandzukic,10,201,0,1.1139471717178822,0,0.1688893474638462,5,3,1,0,F S,AC Milan,0,1.1139471717178822,1.0214509069919586,0.0177575331181287,2020-2021,serie_a
1302,Emil Audero,37,3330,0,0.0,1,0.2708777785301208,0,1,0,0,GK,Sampdoria,0,0.0,1.8251740764826536,1.5542962979525328,2020-2021,serie_a
1305,Lukasz Skorupski,28,2520,0,0.0,0,0.0,0,0,1,0,GK,Bologna,0,0.0,3.5061713065952063,3.5061713065952063,2020-2021,serie_a
1306,Vincent Laurini,14,877,0,0.2992831645533442,0,0.0407537221908569,2,1,1,0,D S,Parma Calcio 1913,0,0.2992831645533442,2.442098737694323,2.142815573140979,2020-2021,serie_a
1320,Federico Barba,32,2661,0,0.5403177961707115,2,1.5261473190039396,13,13,8,0,D S,Benevento,0,0.5403177961707115,4.667751777917147,4.175874948501587,2020-2021,serie_a
1334,Perparim Hetemaj,31,2236,0,0.5941191166639328,2,1.1625242428854108,12,15,5,0,M S,Benevento,0,0.5941191166639328,3.0375237306579947,1.7305676750838757,2020-2021,serie_a
1340,Roberto Inglese,14,565,0,0.5732135120779276,2,1.6714028418064115,8,4,2,0,F S,Parma Calcio 1913,0,0.5732135120779276,1.8665107619017365,0.3914644028991461,2020-2021,serie_a
1341,Ivan Radovanovic,33,2227,0,0.2008824087679386,0,0.1457910211756825,6,3,6,0,D M S,Genoa,0,0.2008824087679386,4.4961427403613925,4.43914366979152,2020-2021,serie_a
1348,Vittorio Parigini,4,45,0,0.0142199024558067,0,0.0,1,0,0,0,S,Genoa,0,0.0142199024558067,0.0,0.0,2020-2021,serie_a
1351,Alex Cordaz,36,3240,0,0.0,0,0.0089352335780859,0,1,1,0,GK,Crotone,0,0.0,2.7494118828326464,2.7404766492545605,2020-2021,serie_a
1354,Gianmarco Ferrari,34,3013,0,1.715111322700977,4,1.6605024002492428,25,14,7,0,D S,Sassuolo,0,1.715111322700977,10.241911871358752,9.21589916665107,2020-2021,serie_a
1367,Marco Festa,1,90,0,0.0,0,0.0,0,0,0,0,GK,Crotone,0,0.0,0.0,0.0,2020-2021,serie_a
1370,Federico Ceccherini,28,2032,0,1.1119019240140915,0,0.4772967640310526,12,5,10,0,D S,"Fiorentina,Verona",0,1.1119019240140915,8.647552598267794,8.453704472631216,2020-2021,serie_a
1374,José Reina,29,2610,0,0.0,0,0.021209230646491,0,1,1,0,GK,Lazio,0,0.0,4.282464714720845,4.261255484074354,2020-2021,serie_a
1375,Elseid Hysaj,24,1783,0,0.2445164322853088,2,1.709196505136788,8,15,2,0,D S,Napoli,0,0.2445164322853088,8.22179045714438,6.798788363113999,2020-2021,serie_a
1376,Kalidou Koulibaly,26,2212,0,0.9780297055840492,0,0.2972739897668361,11,7,8,1,D S,Napoli,0,0.9780297055840492,9.8992672637105,9.789261497557163,2020-2021,serie_a
1377,Nikola Maksimovic,17,1206,0,0.584624882787466,0,0.1762735918164253,5,3,1,0,D S,Napoli,0,0.584624882787466,7.012152651324868,6.984626324847341,2020-2021,serie_a
1382,José Callejón,20,646,0,0.2460657712072134,1,1.404817521572113,8,5,0,0,F M S,Fiorentina,0,0.2460657712072134,2.5057104863226414,1.5853157974779606,2020-2021,serie_a
1387,Faouzi Ghoulam,11,273,0,0.1155938580632209,0,0.7508808299899101,3,7,1,0,D S,Napoli,0,0.1155938580632209,1.4422572031617165,1.3080625385046003,2020-2021,serie_a
1390,Marko Rog,14,1171,0,0.1943103913217783,0,0.271653862670064,8,8,2,0,M,Cagliari,0,0.1943103913217783,1.5822013281285765,1.2021494079381227,2020-2021,serie_a
1391,Christian Maggio,8,294,0,0.0632791593670845,0,0.0,2,0,2,0,D S,Benevento,0,0.0632791593670845,0.1922022784128785,0.1922022784128785,2020-2021,serie_a
1392,Luigi Sepe,36,3240,0,0.0,0,0.0,0,0,0,0,GK,Parma Calcio 1913,0,0.0,5.422757167369127,5.422757167369127,2020-2021,serie_a
1397,Fabio Pisacane,5,224,0,0.0,0,0.0,0,0,1,0,D S,Cagliari,0,0.0,0.038854107260704,0.038854107260704,2020-2021,serie_a
1400,Nicola Murru,14,574,0,0.4259514287114143,0,0.3851820826530456,5,3,0,0,D S,Torino,0,0.4259514287114143,1.507900670170784,0.8329149661585689,2020-2021,serie_a
1410,Rafael,3,205,0,0.0,1,0.3084475696086883,0,1,0,0,GK S,Spezia,0,0.0,0.4313054606318474,0.122857891023159,2020-2021,serie_a
1416,Ciprian Tatarusanu,1,90,0,0.0,0,0.0,0,0,0,0,GK,AC Milan,0,0.0,0.0,0.0,2020-2021,serie_a
1420,Maximiliano Olivera,2,91,0,0.0,0,0.0,0,0,0,0,D S,Fiorentina,0,0.0,0.0,0.0,2020-2021,serie_a
1422,Borja Valero,20,446,0,0.2081335298717022,0,0.0392971262335777,5,2,3,0,F M S,Fiorentina,0,0.2081335298717022,1.057185610756278,0.8668893035501242,2020-2021,serie_a
1424,Federico Bernardeschi,27,945,0,1.6739851720631125,2,3.310401676222682,13,24,3,0,D M S,Juventus,0,1.6739851720631125,6.390781851485372,3.2182797845453024,2020-2021,serie_a
1431,Sebastien De Maio,15,855,0,0.2958128862082958,0,0.0,6,0,1,0,D S,Udinese,0,0.2958128862082958,3.1300222501158714,3.1008765026926994,2020-2021,serie_a
1437,Ângelo Da Costa,6,540,0,0.0,0,0.0,0,0,2,0,GK,Bologna,0,0.0,0.0682027731090784,0.0682027731090784,2020-2021,serie_a
1454,Alex Ferrari,12,882,0,0.0,1,0.6388057172298431,0,4,3,0,D S,Sampdoria,0,0.0,2.3901473712176085,1.915167300030589,2020-2021,serie_a
1460,Andrea Consigli,37,3330,0,0.0,0,0.0,0,0,1,0,GK,Sassuolo,0,0.0,4.477104508318007,4.477104508318007,2020-2021,serie_a
1461,Pol Lirola,12,481,0,0.1243888745084405,1,0.7172346320003271,2,7,3,0,D M S,Fiorentina,0,0.1243888745084405,1.5445720395073297,0.879697703756392,2020-2021,serie_a
1463,Francesco Acerbi,32,2814,0,1.0400617010891438,1,1.1797536490485072,8,10,7,1,D,Lazio,0,1.0400617010891438,10.49756764061749,9.72127623297274,2020-2021,serie_a
1464,Federico Peluso,7,200,0,0.0,0,0.0,0,0,1,0,D S,Sassuolo,0,0.0,1.2759097516536713,1.2759097516536713,2020-2021,serie_a
1465,Stefano Sensi,18,580,0,1.3360758554190395,0,0.5460710041224957,18,11,1,1,M S,Inter,0,1.3360758554190395,3.8430945444852114,2.874483447521925,2020-2021,serie_a
1466,Francesco Magnanelli,10,456,0,0.0359348803758621,0,0.2093218006193637,2,4,2,0,M S,Sassuolo,0,0.0359348803758621,2.106568006798625,2.00073997490108,2020-2021,serie_a
1470,Federico Ricci,1,1,0,0.0,0,0.0,0,0,0,0,S,Sassuolo,0,0.0,0.0,0.0,2020-2021,serie_a
1474,Alfred Duncan,23,1237,0,0.1837493814527988,1,1.3588693365454674,8,11,2,0,M S,"Cagliari,Fiorentina",0,0.1837493814527988,4.897094591520727,4.040178184397519,2020-2021,serie_a
1476,Cristian Dell&#039;Orco,8,259,0,0.0751217827200889,0,0.0,1,0,0,0,D S,Spezia,0,0.0751217827200889,0.697326673194766,0.6222048979252577,2020-2021,serie_a
1480,Gianluca Pegolo,1,90,0,0.0,0,0.0,0,0,0,0,GK,Sassuolo,0,0.0,0.0,0.0,2020-2021,serie_a
1485,Andrea Masiello,30,2575,0,0.5528659168630838,0,0.2630217876285314,5,7,6,0,D,Genoa,0,0.5528659168630838,4.773564343340695,4.270528485067189,2020-2021,serie_a
1486,Mattia Caldara,6,105,0,0.4260245487093925,0,0.0,2,0,1,0,D S,Atalanta,0,0.4260245487093925,0.8450069315731525,0.8450069315731525,2020-2021,serie_a
1487,Andrea Conti,14,833,0,0.9086345322430134,0,0.66810542345047,5,8,3,0,D S,"AC Milan,Parma Calcio 1913",0,0.9086345322430134,4.437388375401497,3.218573095276952,2020-2021,serie_a
1501,Marco Sportiello,15,1259,0,0.0,0,0.0,0,0,0,0,GK S,Atalanta,0,0.0,1.8804460931569336,1.8804460931569336,2020-2021,serie_a
1504,Alberto Grassi,23,1172,0,0.5227796193212271,0,0.3462430965155363,11,3,3,0,D M S,Parma Calcio 1913,0,0.5227796193212271,2.014111873693764,1.3904139753431082,2020-2021,serie_a
1505,Samir Handanovic,37,3244,0,0.0,0,0.0,0,0,1,0,GK,Inter,0,0.0,6.667668133974075,6.667668133974075,2020-2021,serie_a
1509,Davide Santon,10,592,0,0.4958645226433873,1,0.8581854552030563,5,5,3,0,D S,Roma,0,0.4958645226433873,2.912957638502121,2.091586194932461,2020-2021,serie_a
1510,Gary Medel,11,505,0,0.0,1,0.1360774263739586,0,2,1,0,D M S,Bologna,0,0.0,1.4333605151623487,1.2972830925136805,2020-2021,serie_a
1522,Andrea Ranocchia,8,706,0,1.3842438757419586,1,0.983295502141118,9,3,2,0,D,Inter,0,1.3842438757419586,3.3683867752552032,3.3503401577472687,2020-2021,serie_a
1542,Stefan Radu,31,2474,0,0.3382114246487617,3,1.5143005922436714,7,19,2,0,D S,Lazio,0,0.3382114246487617,11.12459670379758,9.872941318899391,2020-2021,serie_a
1544,Federico Ravaglia,4,360,0,0.0,0,0.0,0,0,0,0,GK,Bologna,0,0.0,0.0,0.0,2020-2021,serie_a
1546,Federico Mattiello,1,33,0,0.0,0,0.0,0,0,0,0,S,Spezia,0,0.0,0.0,0.0,2020-2021,serie_a
1550,Luca Ceppitelli,19,1474,0,0.5031195217743516,0,0.0674703866243362,7,2,3,0,D S,Cagliari,0,0.5031195217743516,3.815782197751105,3.798688490875065,2020-2021,serie_a
1555,Bartlomiej Dragowski,36,3150,0,0.0,1,0.0511376745998859,0,1,0,0,GK,Fiorentina,0,0.0,2.245845681987703,2.194708007387817,2020-2021,serie_a
1576,Giorgio Chiellini,17,1391,0,0.5776772666722536,1,0.6716464981436729,6,2,4,0,D S,Juventus,0,0.5776772666722536,8.073981806635857,8.073981806635857,2020-2021,serie_a
1587,Kwadwo Asamoah,9,203,0,0.045883685350418,0,0.0,2,0,0,0,D S,Cagliari,0,0.045883685350418,0.4291858896613121,0.3833022024482488,2020-2021,serie_a
1591,Giuseppe Cuomo,13,796,0,0.3990705851465463,0,0.0,2,0,4,0,D S,Crotone,0,0.3990705851465463,0.5581714985892177,0.5581714985892177,2020-2021,serie_a
1595,Bastos,2,64,0,0.0,0,0.0,0,0,0,0,S,Lazio,0,0.0,0.067764438688755,0.067764438688755,2020-2021,serie_a
1601,Riccardo Marchizza,24,1557,0,0.4494058769196272,2,1.2342596855014565,7,15,4,0,D S,Spezia,0,0.4494058769196272,3.04469670727849,2.1318786488845944,2020-2021,serie_a
1609,Antonio Mirante,13,1156,0,0.0,0,0.0,0,0,2,0,GK,Roma,0,0.0,2.0341626359149814,2.0341626359149814,2020-2021,serie_a
1624,Fabio Depaoli,22,1399,0,0.340578094124794,0,0.6326697915792465,10,12,2,0,D M S,"Atalanta,Benevento,Sampdoria",0,0.340578094124794,2.246308347210288,1.6851484421640637,2020-2021,serie_a
1634,Alessandro Deiola,24,965,0,0.461390565149486,0,0.9202985893934964,11,15,3,0,M S,"Cagliari,Spezia",0,0.461390565149486,3.013098869472742,2.560768465511501,2020-2021,serie_a
1639,Sebastiano Luperto,23,1893,0,0.1820478439331054,0,0.1662777997553348,5,6,3,1,D S,Crotone,0,0.1820478439331054,2.0547650642693043,1.7726679872721434,2020-2021,serie_a
1643,Luca Marrone,21,1590,0,0.2153854668140411,0,0.0,4,0,8,0,D S,Crotone,0,0.2153854668140411,1.0895811095833778,1.0442487075924871,2020-2021,serie_a
1792,Mário Rui,27,1655,0,0.6307686967775226,2,2.6032109428197145,19,31,4,0,D S,Napoli,0,0.6307686967775226,10.393887382932007,8.887267888523638,2020-2021,serie_a
1830,Ionut Radu,2,134,0,0.0,0,0.0,0,0,0,0,GK S,Inter,0,0.0,0.4152568578720093,0.4152568578720093,2020-2021,serie_a
1841,Pierluigi Gollini,25,2158,0,0.0,0,0.0416991859674453,0,1,0,1,GK,Atalanta,0,0.0,2.0375368390232325,1.995837653055787,2020-2021,serie_a
1846,Luca Siligardi,6,75,0,0.0598785271868109,0,0.1045673657208681,2,4,0,0,S,"Crotone,Parma Calcio 1913",0,0.0598785271868109,0.2675672955811023,0.2176814451813697,2020-2021,serie_a
1892,Alex Meret,22,1980,0,0.0,0,0.0263663530349731,0,1,0,0,GK,Napoli,0,0.0,2.188432313501835,2.1620659604668617,2020-2021,serie_a
1894,Simone Colombi,2,180,0,0.0,0,0.0,0,0,0,0,GK,Parma Calcio 1913,0,0.0,0.0142946010455489,0.0142946010455489,2020-2021,serie_a
1927,Berat Gjimshiti,33,2623,0,1.749404288828373,3,3.444948609918356,21,22,8,0,D S,Atalanta,0,1.749404288828373,10.583782037720084,9.990928871557117,2020-2021,serie_a
1956,Mohamed Fares,21,1151,0,0.9711918700486422,1,2.00864577293396,14,14,5,0,D S,Lazio,0,0.9711918700486422,4.59827970713377,2.507047966122628,2020-2021,serie_a
1998,Francesco Cassata,8,221,0,0.0141759775578975,0,0.0750648975372314,1,1,2,0,D M S,Genoa,0,0.0141759775578975,0.472142331302166,0.3829014562070369,2020-2021,serie_a
2003,Antonio La Gumina,9,337,0,0.6655284576117992,0,0.0382232330739498,10,1,0,0,F S,Sampdoria,0,0.6655284576117992,0.7223216071724892,0.1064590215682983,2020-2021,serie_a
2005,Jacopo Dezi,2,80,0,0.0494737401604652,0,0.1332588791847229,1,1,0,0,F S,Parma Calcio 1913,0,0.0494737401604652,0.5315494313836098,0.4820756912231445,2020-2021,serie_a
2010,Simone Edera,2,49,0,0.1340262182056903,0,0.2509779036045074,3,3,0,0,S,Torino,0,0.1340262182056903,0.0204284414649009,0.0,2020-2021,serie_a
2022,Samir Ujkani,1,90,0,0.0,0,0.0,0,0,0,0,GK,Torino,0,0.0,0.4743737578392029,0.4743737578392029,2020-2021,serie_a
2040,Paolo Ghiglione,23,1355,0,0.5510835824534297,4,2.1782826222479343,10,18,4,0,D M S,Genoa,0,0.5510835824534297,3.951109217479825,1.8882404770702124,2020-2021,serie_a
2042,Lubomir Tupta,2,51,0,0.1181988827884197,0,0.0,2,0,0,0,M S,Verona,0,0.1181988827884197,0.1181988827884197,0.0,2020-2021,serie_a
2043,Kastriot Dermaku,2,98,0,0.0,0,0.0,0,0,0,0,D S,Parma Calcio 1913,0,0.0,0.6742913126945496,0.6742913126945496,2020-2021,serie_a
2107,Pau López,21,1814,0,0.0,0,0.0,0,0,0,0,GK S,Roma,0,0.0,4.276221718639135,4.276221718639135,2020-2021,serie_a
2495,Mateo Musacchio,5,260,0,0.0,0,0.0,0,0,2,0,D S,"AC Milan,Lazio",0,0.0,1.0651111640036106,1.0651111640036106,2020-2021,serie_a
2560,Cristiano Piccini,1,66,0,0.0350944325327873,0,0.0,1,0,0,0,S,Atalanta,0,0.0350944325327873,0.0350944325327873,0.0350944325327873,2020-2021,serie_a
3066,Aleksandr Kokorin,4,86,0,0.0,0,0.0,0,0,1,0,S,Fiorentina,0,0.0,0.0820392407476902,0.0820392407476902,2020-2021,serie_a
3209,Jean-Daniel Akpa-Akpro,32,1009,0,1.1854079412296414,1,0.7609777599573135,12,12,9,0,D M S,Lazio,0,1.1854079412296414,5.454459183849394,3.60369345266372,2020-2021,serie_a
3295,Javier Pastore,5,72,0,0.0,0,0.7418195027858019,0,4,0,0,S,Roma,0,0.0,1.2081757364794612,0.8192477822303772,2020-2021,serie_a
3301,Salvatore Sirigu,32,2880,0,0.0,0,0.0,0,0,0,0,GK,Torino,0,0.0,1.7710516415536404,1.7710516415536404,2020-2021,serie_a
3340,Bryan Dabo,25,1113,0,0.7905925018712878,0,0.2674646535888314,12,7,5,0,M S,Benevento,0,0.7905925018712878,2.6236028568819165,2.2165255835279822,2020-2021,serie_a
3536,Jean-Victor Makengo,17,505,0,0.0856043808162212,0,0.1058986727148294,4,2,1,0,M S,Udinese,0,0.0856043808162212,1.185677994042635,1.1341277863830328,2020-2021,serie_a
3632,Kevin Malcuit,7,233,0,0.0997651424258947,0,0.0765315741300582,2,1,0,0,D S,"Fiorentina,Napoli",0,0.0997651424258947,0.4120169635862112,0.3122518211603164,2020-2021,serie_a
3893,Lukas Haraslin,14,317,0,0.8240200262516737,0,0.5773640722036362,12,9,1,1,M S,Sassuolo,0,0.8240200262516737,1.290416670963168,0.0857387669384479,2020-2021,serie_a
3925,Gabriele Moncini,10,351,0,0.9753311276435852,0,0.1833564061671495,8,3,0,0,F S,Benevento,0,0.9753311276435852,1.3533758968114853,0.2877328712493181,2020-2021,serie_a
3927,Alessio Cragno,34,3060,0,0.0,0,0.0,0,0,1,0,GK,Cagliari,0,0.0,2.261312359943986,2.261312359943986,2020-2021,serie_a
3951,Kevin Bonifazi,30,2476,0,1.1904890853911638,0,0.1646861433982849,17,2,4,0,D S,Udinese,0,1.1904890853911638,4.658435334451497,4.517771773040295,2020-2021,serie_a
3965,Arturo Calabresi,3,29,0,0.0,0,0.0,0,0,0,0,S,"Bologna,Cagliari",0,0.0,0.0,0.0,2020-2021,serie_a
3997,Antonio Mazzotta,2,54,0,0.0,0,0.0,0,0,1,0,M S,Crotone,0,0.0,0.0,0.0,2020-2021,serie_a
4699,Simon Kjaer,28,2403,0,1.0273190727457404,2,1.1877193618565798,16,7,3,0,D,AC Milan,0,1.0273190727457404,6.938273720443249,6.609565295279026,2020-2021,serie_a
4768,Wylan Cyprien,13,387,0,0.2067801794037223,0,0.1550618773326277,6,4,2,0,M S,Parma Calcio 1913,0,0.2067801794037223,1.1115159001201391,1.048009855672717,2020-2021,serie_a
4903,Mamadou Coulibaly,3,183,0,0.0754628852009773,0,0.1432303190231323,2,2,0,0,M S,Udinese,0,0.0754628852009773,0.750277116894722,0.5315839163959026,2020-2021,serie_a
4912,Paolo Faragò,9,387,0,0.2290611881762743,0,0.7531453594565392,4,5,2,0,D S,"Bologna,Cagliari",0,0.2290611881762743,1.878460781648755,1.178390072658658,2020-2021,serie_a
4918,Patrick Cutrone,11,170,0,0.184911772608757,0,0.0,3,0,0,0,S,Fiorentina,0,0.184911772608757,0.1082930713891983,0.0,2020-2021,serie_a
4920,Matteo Gabbia,8,556,0,0.7226852662861347,0,0.0,5,0,2,0,D S,AC Milan,0,0.7226852662861347,1.364826625213027,1.3468565847724676,2020-2021,serie_a
4939,Alessandro Bastoni,33,2932,0,0.9617053121328354,3,1.329262364655733,11,12,6,0,D,Inter,0,0.9617053121328354,15.616493418812752,15.168991424143314,2020-2021,serie_a
4959,Filippo Melegoni,14,376,0,0.4740241840481758,0,0.3352485299110412,4,4,1,0,D M S,Genoa,0,0.4740241840481758,0.8327359966933727,0.252906110137701,2020-2021,serie_a
4970,Luca Pellegrini,11,642,0,0.1023795530200004,1,2.2238008715212345,5,8,2,0,D M S,Genoa,0,0.1023795530200004,2.267124228179455,0.8205670192837715,2020-2021,serie_a
5015,Giacomo Vrioni,1,1,0,0.0,0,0.1248335689306259,0,1,0,0,S,Juventus,0,0.0,0.1248335689306259,0.1248335689306259,2020-2021,serie_a
5025,Alessandro Buongiorno,12,852,0,0.181404149159789,0,0.0131291951984167,3,1,4,0,D S,Torino,0,0.181404149159789,2.598685834556818,2.585556637495756,2020-2021,serie_a
5028,Gianluca Frabotta,15,672,0,0.301120039075613,1,0.9354630261659622,5,4,5,0,D M S,Juventus,0,0.301120039075613,4.140795849263668,3.5482635125517845,2020-2021,serie_a
5056,Marlon Santos,24,1735,0,0.2009849660098552,0,0.0644522458314895,4,1,4,1,D M S,Sassuolo,0,0.2009849660098552,5.547499584034085,5.431354956701398,2020-2021,serie_a
5091,Alex Berenguer,2,138,0,0.4604767151176929,0,0.0,2,0,0,0,M,Torino,0,0.4604767151176929,0.7764035761356354,0.7248402237892151,2020-2021,serie_a
5195,Nicolás Schiappacase,1,13,0,0.0,0,0.0,0,0,0,0,S,Sassuolo,0,0.0,0.0508094131946563,0.0508094131946563,2020-2021,serie_a
5226,Walace,30,2058,0,0.4704207312315702,0,0.2353953877463936,17,9,4,0,M S,Udinese,0,0.4704207312315702,6.267739032395184,5.87020867690444,2020-2021,serie_a
5825,Elio Capradossi,1,90,0,0.1145047098398208,0,0.0,1,0,0,0,D,Spezia,0,0.1145047098398208,0.0,0.0,2020-2021,serie_a
6021,Lukas Lerager,16,1166,0,0.1897280067205429,1,0.4613730795681476,4,8,0,0,M S,Genoa,0,0.1897280067205429,4.243464071303606,3.662620913237333,2020-2021,serie_a
6107,Carlo Pinsoglio,1,21,0,0.0,0,0.0,0,0,0,0,S,Juventus,0,0.0,0.0896394550800323,0.0896394550800323,2020-2021,serie_a
6108,Rodrigo Bentancur,33,2340,0,0.5898598153144121,4,2.6785090435296297,15,29,6,1,M S,Juventus,0,0.5898598153144121,17.913827754557133,16.252492181956768,2020-2021,serie_a
6125,Stanislav Lobotka,15,122,0,0.0,0,0.0,0,0,2,0,S,Napoli,0,0.0,2.112549051642418,2.112549051642418,2020-2021,serie_a
6129,Nícolas,2,180,0,0.0,0,0.0,0,0,0,0,GK,Udinese,0,0.0,0.0775337219238281,0.0775337219238281,2020-2021,serie_a
6130,Daniel Bessa,18,588,0,1.2236590683460236,2,2.0011528274044394,8,15,1,0,M S,Verona,0,1.2236590683460236,4.16982705052942,1.219256777316332,2020-2021,serie_a
6132,Marco Silvestri,34,3060,0,0.0,0,0.0,0,0,1,0,GK,Verona,0,0.0,2.115516934543848,2.115516934543848,2020-2021,serie_a
6167,Vanja Milinkovic-Savic,5,450,0,0.0,0,0.0,0,0,0,0,GK,Torino,0,0.0,0.6707817893475294,0.6707817893475294,2020-2021,serie_a
6169,Giovanni Crociata,2,21,0,0.0,0,0.0919831395149231,0,1,0,0,S,Crotone,0,0.0,0.0919831395149231,0.0,2020-2021,serie_a
6177,Luiz Felipe,14,911,0,0.156601145863533,0,0.4233523327857256,4,3,5,0,D S,Lazio,0,0.156601145863533,2.801658559590578,2.409346679225564,2020-2021,serie_a
6181,Luca Mora,4,101,0,0.0999052375555038,0,0.0,1,0,0,0,M S,Spezia,0,0.0999052375555038,0.135778047144413,0.0358728095889091,2020-2021,serie_a
6191,Lorenzo Venuti,28,1764,0,0.2181448899209499,1,2.109283817000687,4,15,3,0,D S,Fiorentina,0,0.2181448899209499,4.699137341231108,2.738734232261777,2020-2021,serie_a
6194,Lorenzo Del Pinto,1,10,0,0.0,0,0.0,0,0,0,0,S,Benevento,0,0.0,0.0,0.0,2020-2021,serie_a
6211,Mehdi Leris,20,356,0,0.0802091434597969,0,0.5349326902069151,2,8,1,0,D M S,Sampdoria,0,0.0802091434597969,1.6641705054789782,1.4374277405440807,2020-2021,serie_a
6212,Mattia Bani,26,2077,0,0.9494237788021564,0,0.2942239269614219,11,4,10,0,D S,"Genoa,Parma Calcio 1913",0,0.9494237788021564,3.6445024106651545,3.327989287674427,2020-2021,serie_a
6242,Johan Mojica,11,293,0,0.1116732954978942,0,0.6511010229587555,4,4,1,0,D M S,Atalanta,0,0.1116732954978942,1.437824763357639,1.2386872880160809,2020-2021,serie_a
6252,Lyanco,23,1954,0,1.5229800208471715,0,0.3598373159766197,12,4,8,0,D S,Torino,0,1.5229800208471715,5.267021845560521,4.748613961040974,2020-2021,serie_a
6277,Fabrizio Caligara,10,178,0,0.0,0,0.1263660155236721,0,2,2,0,M S,Cagliari,0,0.0,0.0922107771039009,0.0922107771039009,2020-2021,serie_a
6312,Rogerio,28,1881,0,0.4473925391212106,1,1.5888257892802358,16,12,4,0,D S,Sassuolo,0,0.4473925391212106,7.622550502419472,6.3305955827236176,2020-2021,serie_a
6375,Andrea Danzi,2,106,0,0.0189129393547773,0,0.0586920045316219,1,1,1,0,M S,Verona,0,0.0189129393547773,0.4374017715454101,0.3787097632884979,2020-2021,serie_a
6399,Manuel Gasparini,1,1,0,0.0,0,0.0,0,0,0,0,S,Udinese,0,0.0,0.0,0.0,2020-2021,serie_a
6460,Vincenzo Millico,3,16,0,0.0,0,0.0227063223719596,0,1,0,0,S,Torino,0,0.0,0.0,0.0,2020-2021,serie_a
6649,Siriki Sanogo,1,9,0,0.0,0,0.0,0,0,0,0,S,Benevento,0,0.0,0.0,0.0,2020-2021,serie_a
6750,Gonzalo Villar,33,1855,0,0.5370637271553278,1,0.6603218428790569,10,8,7,0,M S,Roma,0,0.5370637271553278,10.297204611822965,9.28717510215938,2020-2021,serie_a
6963,Justin Kluivert,2,15,0,0.0135014010593295,0,0.0,1,0,0,0,S,Roma,0,0.0135014010593295,0.0,0.0,2020-2021,serie_a
6966,Daniel Fuzato,5,450,0,0.0,0,0.0,0,0,0,0,GK,Roma,0,0.0,0.3482413422316313,0.3482413422316313,2020-2021,serie_a
6971,Mitchell Dijks,20,1506,0,0.0629578698426485,0,0.2328513693064451,2,6,5,1,D S,Bologna,0,0.0629578698426485,4.44223490357399,4.14642564766109,2020-2021,serie_a
6972,Federico Santander,4,29,0,0.2134680934250354,1,0.3799126744270324,4,1,0,0,S,Bologna,0,0.2134680934250354,0.5007612444460392,0.0,2020-2021,serie_a
6977,Pietro Terracciano,4,270,0,0.0,0,0.0,0,0,0,0,GK S,Fiorentina,0,0.0,0.0880728624761104,0.0880728624761104,2020-2021,serie_a
6981,Ismael Bennacer,21,1345,0,0.9342140397056936,2,0.5300116334110498,12,5,4,0,M S,AC Milan,0,0.9342140397056936,5.954824509099126,4.525977640412748,2020-2021,serie_a
6982,Ivan Provedel,29,2610,0,0.0,0,0.0,0,0,1,0,GK,Spezia,0,0.0,1.468887427356094,1.468887427356094,2020-2021,serie_a
6989,Simone Iacoponi,16,1191,0,0.1124632712453603,0,0.0,3,0,3,1,D S,Parma Calcio 1913,0,0.1124632712453603,1.770348286256194,1.770348286256194,2020-2021,serie_a
6993,Mattia Sprocati,1,20,0,0.0,0,0.0,0,0,0,0,S,Parma Calcio 1913,0,0.0,0.0,0.0,2020-2021,serie_a
7000,Hidde ter Avest,6,348,0,0.0,0,0.0,0,0,0,0,D S,Udinese,0,0.0,1.6471048407256603,1.6471048407256603,2020-2021,serie_a
7002,Giangiacomo Magnani,25,1491,0,0.6717619504779577,0,0.0286558158695697,13,1,8,0,D S,Verona,0,0.6717619504779577,3.007821826264262,2.939713573083281,2020-2021,serie_a
7085,Tòfol Montiel,2,2,0,0.0,0,0.0,0,0,0,0,S,Fiorentina,0,0.0,0.0,0.0,2020-2021,serie_a
7092,Koray Günter,27,1780,0,0.2133454224094748,2,0.7406261134892702,6,6,4,0,D S,Verona,0,0.2133454224094748,4.777396449819207,4.640501730144024,2020-2021,serie_a
7095,Juan Musso,35,3150,0,0.0,0,0.0,0,0,5,0,GK,Udinese,0,0.0,2.0129944207146764,2.0129944207146764,2020-2021,serie_a
7097,Ronaldo Vieira,4,221,0,0.0459558255970478,0,0.0309836510568857,2,2,1,0,M S,Verona,0,0.0459558255970478,0.5318844765424728,0.5009008273482323,2020-2021,serie_a
7203,Drissa Camara,1,14,0,0.0,0,0.0,0,0,0,0,S,Parma Calcio 1913,0,0.0,0.619045615196228,0.619045615196228,2020-2021,serie_a
7225,Petar Micin,1,13,0,0.0,0,0.0,0,0,0,0,S,Udinese,0,0.0,0.0,0.0,2020-2021,serie_a
7227,Matteo Scozzarella,3,156,0,0.0,0,0.2747203037142753,0,6,1,0,M,Parma Calcio 1913,0,0.0,0.5415629055351019,0.516309117898345,2020-2021,serie_a
7263,Musa Juwara,5,39,0,0.0188038926571607,0,0.0,1,0,1,0,S,Bologna,0,0.0188038926571607,0.0188038926571607,0.0,2020-2021,serie_a
7379,Nicolo Fagioli,1,16,0,0.0,0,0.0,0,0,0,0,S,Juventus,0,0.0,0.0395526140928268,0.0395526140928268,2020-2021,serie_a
7405,Kiril Despodov,1,10,0,0.0,0,0.0,0,0,0,0,S,Cagliari,0,0.0,0.0,0.0,2020-2021,serie_a
7411,Nicolo Rovella,20,1186,0,0.7647366337478161,2,1.7760496167466044,11,16,4,0,M S,Genoa,0,0.7647366337478161,3.835832193493843,2.88803088106215,2020-2021,serie_a
7413,Ibañez,30,2405,0,1.1106231408193707,1,1.7421254198998213,16,13,5,1,D S,Roma,0,1.1106231408193707,12.241901158355176,11.537582985125482,2020-2021,serie_a
7416,Merih Demiral,15,931,0,0.7949280776083469,1,0.7834012806415558,6,4,1,0,D S,Juventus,0,0.7949280776083469,4.235521972179413,4.235521972179413,2020-2021,serie_a
7417,Christian Oliva,10,383,0,0.0,1,0.1145957820117473,0,2,2,0,M S,Cagliari,0,0.0,0.2852918962016701,0.2294658469036221,2020-2021,serie_a
7611,Nicolò Armini,1,3,0,0.0,0,0.0,0,0,0,0,S,Lazio,0,0.0,0.0,0.0,2020-2021,serie_a
7625,Manolo Portanova,5,132,0,0.5161369717679918,0,0.0,6,0,1,0,M S,"Genoa,Juventus",0,0.5161369717679918,0.7442462928593159,0.3092914707958698,2020-2021,serie_a
7901,Giacomo Ricci,3,60,0,0.0,0,0.0,0,0,0,0,S,Parma Calcio 1913,0,0.0,0.0609138999134302,0.0609138999134302,2020-2021,serie_a
7919,Léo Duarte,1,17,0,0.0,0,0.0,0,0,0,0,S,AC Milan,0,0.0,0.0,0.0,2020-2021,serie_a
7923,Pawel Dawidowicz,30,1866,0,1.1445171227678657,0,1.1501290751621127,15,6,9,0,D M S,Verona,0,1.1445171227678657,6.089083399623632,5.561208371073008,2020-2021,serie_a
7927,Sofyan Amrabat,31,2458,0,0.4102079225704074,0,0.57578937523067,10,13,7,0,M S,Fiorentina,0,0.4102079225704074,7.496984682977199,6.776737845502794,2020-2021,serie_a
7929,Alan Empereur,4,222,0,0.0705036222934722,0,0.0,1,0,1,0,D,Verona,0,0.0705036222934722,0.7109030783176422,0.6403994560241699,2020-2021,serie_a
7930,Alessandro Berardi,1,25,0,0.0,0,0.0,0,0,0,0,S,Verona,0,0.0,0.0480694100260734,0.0480694100260734,2020-2021,serie_a
7932,Stefano Denswil,5,107,0,0.0,0,0.0,0,0,0,0,D S,Bologna,0,0.0,0.3803215427324176,0.3803215427324176,2020-2021,serie_a
7940,Denis Vavro,1,31,0,0.0,0,0.0,0,0,0,0,S,Lazio,0,0.0,0.0501496531069278,0.0501496531069278,2020-2021,serie_a
7943,Igor Julio,21,1155,0,0.5328999161720276,0,0.1196160838007927,1,3,5,0,D S,Fiorentina,0,0.5328999161720276,1.7743162252008915,1.731270644813776,2020-2021,serie_a
7945,Karlo Letica,1,90,0,0.0,0,0.0,0,0,0,0,GK,Sampdoria,0,0.0,0.3099788725376129,0.3099788725376129,2020-2021,serie_a
7950,Mert Müldür,28,1680,0,0.6932144295424223,0,0.6348474007099867,15,9,2,0,D S,Sassuolo,0,0.6932144295424223,4.311802372336388,3.5643172040581703,2020-2021,serie_a
7951,Alessandro Tripaldelli,10,295,0,0.0,0,0.2454111129045486,0,1,1,0,D S,Cagliari,0,0.0,0.6953716203570366,0.4499605037271976,2020-2021,serie_a
7958,Sandro Tonali,25,1342,0,0.4345041140913963,0,1.2424730686470866,10,16,1,1,M S,AC Milan,0,0.4345041140913963,5.086326848715544,4.761544220149517,2020-2021,serie_a
7971,Jacopo Petriccione,20,955,0,0.084523337893188,0,0.3971594804897904,3,8,5,1,M S,Crotone,0,0.084523337893188,2.923943224363029,2.6774498410522938,2020-2021,serie_a
8007,Yildirim Mert Cetin,6,417,0,0.1001551914960146,0,0.0,2,0,1,0,D S,Verona,0,0.1001551914960146,0.7221849430352449,0.6445132661610842,2020-2021,serie_a
8012,Yordan Osorio,23,1814,0,0.4063548818230629,0,0.11093972902745,7,3,2,0,D S,Parma Calcio 1913,0,0.4063548818230629,4.368778590112925,4.303192924708128,2020-2021,serie_a
8030,Sebastian Walukiewicz,19,1619,0,0.2326634339988231,1,0.7121649384498596,3,1,1,0,D S,Cagliari,0,0.2326634339988231,2.0102968402206898,2.0102968402206898,2020-2021,serie_a
8035,Samuel Di Carmine,22,985,0,2.5265611596405506,0,0.0947126196697354,15,4,2,0,F S,"Crotone,Verona",0,2.5265611596405506,4.419179370626807,2.4355901405215263,2020-2021,serie_a
8044,Joshua Zirkzee,4,104,0,0.0486485734581947,0,0.2291592210531234,1,1,0,0,S,Parma Calcio 1913,0,0.0486485734581947,0.7037916854023933,0.4259838983416557,2020-2021,serie_a
8124,Andri Fannar Baldursson,8,209,0,0.1287174336612224,0,0.0582665279507637,2,1,2,0,M S,Bologna,0,0.1287174336612224,0.8797480054199696,0.8214814774692059,2020-2021,serie_a
8127,Amad Diallo Traore,1,12,0,0.0277041401714086,0,0.0499977134168148,1,1,1,0,S,Atalanta,0,0.0277041401714086,0.0961921662092208,0.0184903107583522,2020-2021,serie_a
8129,Riccardo Calafiori,3,66,0,0.0,0,0.0,0,0,2,0,D S,Roma,0,0.0,0.0414476543664932,0.0414476543664932,2020-2021,serie_a
8130,Ebrima Darboe,5,330,0,0.0693195229396224,0,0.0309687070548534,3,2,2,0,M S,Roma,0,0.0693195229396224,0.8956254823133349,0.8405710412189364,2020-2021,serie_a
8132,Andrea Adorante,1,8,0,0.0,0,0.0,0,0,0,0,S,Parma Calcio 1913,0,0.0,0.0,0.0,2020-2021,serie_a
8154,Edoardo Vergani,1,11,0,0.0,0,0.0,0,0,0,0,S,Bologna,0,0.0,0.0,0.0,2020-2021,serie_a
8163,Daniel Maldini,5,17,0,0.1779614984989166,0,0.0,1,0,0,0,S,AC Milan,0,0.1779614984989166,0.1779614984989166,0.0,2020-2021,serie_a
8165,Lucien Agoume,12,799,0,0.105689663439989,0,0.1013585738837719,2,2,2,0,M S,Spezia,0,0.105689663439989,1.4813133031129837,1.3267131000757215,2020-2021,serie_a
8221,Brian Oddei,5,33,0,0.1487761437892913,2,0.9651590585708618,2,2,0,0,S,Sassuolo,0,0.1487761437892913,1.1374398563057184,0.0235046539455652,2020-2021,serie_a
8232,Andrea Carboni,15,1089,0,0.2408629097044468,1,1.2995102442801,5,4,2,0,D S,Cagliari,0,0.2408629097044468,2.5702291559427977,1.823121970519424,2020-2021,serie_a
8259,Djavan Anderson,3,68,0,0.0,0,0.0,0,0,0,0,D S,Lazio,0,0.0,0.0,0.0,2020-2021,serie_a
8309,Kristoffer Askildsen,6,83,0,0.0114770913496613,0,0.0,1,0,2,0,S,Sampdoria,0,0.0114770913496613,0.1654354268684983,0.1539583355188369,2020-2021,serie_a
8475,Bosko Sutalo,7,228,0,0.0,0,0.1608795057982206,0,2,0,0,D S,Atalanta,0,0.0,1.8001206368207932,1.6661478877067566,2020-2021,serie_a
8478,Lorenzo Colombo,4,89,0,0.417863093316555,0,0.0,4,0,0,0,F S,AC Milan,0,0.417863093316555,0.417863093316555,0.0,2020-2021,serie_a
8487,Martin Palumbo,3,61,0,0.0,0,0.0,0,0,0,0,M S,Udinese,0,0.0,0.0717475488781929,0.0717475488781929,2020-2021,serie_a
8522,Matteo Lovato,24,1377,0,0.0218546576797962,0,0.1767958831042051,1,4,5,0,D M S,Verona,0,0.0218546576797962,3.0234277956187725,2.8466319628059864,2020-2021,serie_a
8568,Márk Kosznovszky,1,90,0,0.2919918000698089,0,0.0,1,0,0,0,M,Parma Calcio 1913,0,0.2919918000698089,0.3521466851234436,0.0601548850536346,2020-2021,serie_a
8569,Botond Balogh,3,163,0,0.0,0,0.0,0,0,1,0,D S,Parma Calcio 1913,0,0.0,0.0,0.0,2020-2021,serie_a
8584,Raul Moro,1,9,0,0.0,0,0.0,0,0,0,0,S,Lazio,0,0.0,0.0,0.0,2020-2021,serie_a
8820,Jacopo Segre,9,176,0,0.2470026686787605,0,0.057134386152029,4,1,1,0,M S,Torino,0,0.2470026686787605,1.0644759256392715,0.7603388819843531,2020-2021,serie_a
8827,Kevin Rüegg,7,186,0,0.0239212494343519,0,0.0,1,0,0,0,D S,Verona,0,0.0239212494343519,0.1233183946460485,0.0993971452116966,2020-2021,serie_a
8830,Ivor Pandur,4,335,0,0.0,0,0.0,0,0,0,0,GK,Verona,0,0.0,0.0956061407923698,0.0956061407923698,2020-2021,serie_a
8831,Iyenoma Destiny Udogie,6,160,0,0.4777647852897644,0,0.025652103126049,1,1,1,0,S,Verona,0,0.4777647852897644,0.70932362601161,0.70932362601161,2020-2021,serie_a
8840,Denis Dragus,9,159,0,0.1098364479839801,0,0.0,4,0,1,0,F S,Crotone,0,0.1098364479839801,0.6928138248622417,0.6157907657325268,2020-2021,serie_a
8841,Tomislav Gomelt,2,14,0,0.0,0,0.0,0,0,0,0,S,Crotone,0,0.0,0.0449537895619869,0.0449537895619869,2020-2021,serie_a
8842,Augustus Kargbo,1,30,0,0.0,0,0.0,0,0,0,0,S,Crotone,0,0.0,0.0181422904133796,0.0181422904133796,2020-2021,serie_a
8844,Gian Marco Crespi,1,90,0,0.0,0,0.0,0,0,0,0,GK,Crotone,0,0.0,0.0,0.0,2020-2021,serie_a
8857,Gabriele Zappa,34,2401,0,0.4213550724089145,4,3.94835364446044,11,28,3,0,D M S,Cagliari,0,0.4213550724089145,10.157195758074522,7.203058948740363,2020-2021,serie_a
8858,Guglielmo Vicario,4,360,0,0.0,0,0.0,0,0,0,0,GK,Cagliari,0,0.0,1.5896183252334597,1.5896183252334597,2020-2021,serie_a
8872,Matteo Ruggeri,6,210,0,0.0672319158911705,0,0.014002988114953,2,1,0,0,D S,Atalanta,0,0.0672319158911705,1.089716961607337,1.0500837285071611,2020-2021,serie_a
8880,Matteo Tramoni,6,65,0,0.0262704398483037,0,0.0,1,0,1,0,S,Cagliari,0,0.0262704398483037,0.0262704398483037,0.0,2020-2021,serie_a
8881,Lorenzo Montipò,37,3330,0,0.0,0,0.0,0,0,3,0,GK,Benevento,0,0.0,1.734576384536922,1.734576384536922,2020-2021,serie_a
8882,Daam Foulon,23,1014,0,0.0099460249766707,1,0.1068805521354079,1,4,4,0,D S,Benevento,0,0.0099460249766707,1.2767123198136687,1.1868965039029715,2020-2021,serie_a
8885,Nicolò Manfredini,1,90,0,0.0,0,0.0,0,0,0,0,GK,Benevento,0,0.0,0.0706954076886177,0.0706954076886177,2020-2021,serie_a
8887,Christian Pastina,3,118,0,0.0,1,0.370678186416626,0,1,1,0,S,Benevento,0,0.0,0.3907200302928686,0.0200418438762426,2020-2021,serie_a
8888,Giuseppe Di Serio,16,253,0,0.5616418942809105,0,0.0103049268946051,4,1,1,0,F S,Benevento,0,0.5616418942809105,0.744097932241857,0.1721511222422123,2020-2021,serie_a
8908,Jeroen Zoet,7,605,0,0.0,0,0.0,0,0,1,0,GK,Spezia,0,0.0,0.6374383680522442,0.6374383680522442,2020-2021,serie_a
8909,Juan Ramos,6,288,0,0.0157950352877378,0,0.2173146456480026,1,4,1,0,D S,Spezia,0,0.0157950352877378,1.0098506100475788,0.9172287173569202,2020-2021,serie_a
8910,Paolo Bartolomei,6,321,0,0.1310664433985948,1,0.2680497318506241,4,5,1,0,M S,Spezia,0,0.1310664433985948,0.5010826122015715,0.2659281343221664,2020-2021,serie_a
8911,Matteo Ricci,29,2244,0,0.8800480701029301,2,1.9299020944163203,21,22,5,0,M S,Spezia,0,0.8800480701029301,6.969308324158192,5.75029731541872,2020-2021,serie_a
8914,Salvador Ferrer,18,1183,0,0.0967015083879232,1,1.0900612510740757,3,14,4,0,D S,Spezia,0,0.0967015083879232,3.797419205307961,3.043472521007061,2020-2021,serie_a
8915,Luca Vignali,21,1602,0,0.1335129430517554,0,0.7010579537600279,4,10,4,1,D S,Spezia,0,0.1335129430517554,2.460699772462249,1.8423690050840376,2020-2021,serie_a
8922,Thomas Ouwejan,15,396,0,0.1375488908961415,2,1.4767007874324918,6,10,0,0,D S,Udinese,0,0.1375488908961415,1.7889755051583052,1.4468345744535327,2020-2021,serie_a
8942,Aaron Hickey,11,766,0,0.0389238093048334,0,0.0468018054962158,2,2,3,1,D S,Bologna,0,0.0389238093048334,1.8491159249097109,1.78036636300385,2020-2021,serie_a
8953,Antonio Palumbo,1,5,0,0.0274081602692604,0,0.0,1,0,0,0,S,Sampdoria,0,0.0274081602692604,0.0274081602692604,0.0,2020-2021,serie_a
8967,Lautaro Valenti,11,495,0,0.1007395461201667,0,0.0176578052341938,4,1,0,0,D S,Parma Calcio 1913,0,0.1007395461201667,1.720618980936706,1.6574489464983344,2020-2021,serie_a
8975,Gennaro Acampora,14,420,0,0.2586810821667313,0,0.0083924680948257,9,1,2,0,F M S,Spezia,0,0.2586810821667313,1.2876726314425468,1.11301592271775,2020-2021,serie_a
9009,Luis Rojas,7,86,0,0.0324794687330722,0,0.013136088848114,1,1,1,0,S,Crotone,0,0.0324794687330722,0.0456155575811862,0.0,2020-2021,serie_a
9036,Nicola Zalewski,1,8,0,0.0,1,0.0775498077273368,0,1,0,0,S,Roma,0,0.0,0.0775498077273368,0.0,2020-2021,serie_a
9043,Steeve-Mike Eboa Ebongue,3,49,0,0.0,1,0.3888751356862485,0,2,0,0,S,Genoa,0,0.0,0.3888751356862485,0.0,2020-2021,serie_a
9044,Alberto Paleari,3,203,0,0.0,0,0.0,0,0,0,0,GK S,Genoa,0,0.0,0.1904782727360725,0.1904782727360725,2020-2021,serie_a
9046,Giuseppe Caso,2,51,0,0.0,0,0.0,0,0,0,0,S,Genoa,0,0.0,0.0,0.0,2020-2021,serie_a
9059,Simone Rabbi,4,30,0,0.0,1,0.0221809921786189,0,2,0,0,S,Bologna,0,0.0,0.0221809921786189,0.0,2020-2021,serie_a
9065,Nahuel Estévez,27,1781,0,2.0454921647906303,3,2.4279481433331966,26,28,7,0,M S,Spezia,0,2.0454921647906303,6.810772562399507,3.9878139849752174,2020-2021,serie_a
9103,Léo Sena,16,869,0,0.0356637388467788,0,0.1468240283429622,2,2,0,0,M S,Spezia,0,0.0356637388467788,4.889411740005016,4.720732063055039,2020-2021,serie_a
9105,Radu Dragusin,1,1,0,0.0,0,0.0,0,0,0,0,S,Juventus,0,0.0,0.0,0.0,2020-2021,serie_a
9123,Omar Khailoti,1,27,0,0.0,0,0.0,0,0,0,0,S,Bologna,0,0.0,0.2020117044448852,0.2020117044448852,2020-2021,serie_a
9124,Mattia Pagliuca,1,10,0,0.0,0,0.0129724815487861,0,1,0,0,S,Bologna,0,0.0,0.0129724815487861,0.0,2020-2021,serie_a
9134,Alessandro Di Pardo,4,7,0,0.0,0,0.0211432464420795,0,1,0,0,S,Juventus,0,0.0,0.0211432464420795,0.0,2020-2021,serie_a
9140,Maxime Busi,24,1176,0,0.3338106404989958,1,0.9543767496943474,7,7,3,0,D S,Parma Calcio 1913,0,0.3338106404989958,3.271356677636504,2.447014067322016,2020-2021,serie_a
9177,Giuseppe Mastinu,3,31,0,0.0,0,0.0,0,0,0,0,S,Spezia,0,0.0,0.0233971793204545,0.0233971793204545,2020-2021,serie_a
9189,Emmanuel Gyabuaa,1,1,0,0.0,0,0.0,0,0,0,0,S,Atalanta,0,0.0,0.0,0.0,2020-2021,serie_a
9200,Philip Yeboah Ankrah,1,9,0,0.0,0,0.0,0,0,0,0,S,Verona,0,0.0,0.0,0.0,2020-2021,serie_a
9225,Antonio Cioffi,1,9,0,0.0,0,0.098476342856884,0,1,0,0,S,Napoli,0,0.0,0.1532920747995376,0.1532920747995376,2020-2021,serie_a
9233,Joakim Maehle,20,1208,0,1.3440521229058504,2,1.5805520322173834,21,14,0,0,D M S,Atalanta,0,1.3440521229058504,6.8847411666065454,4.478144563734531,2020-2021,serie_a
9234,Daan Dierckx,7,476,0,0.0,0,0.0,0,0,1,0,D S,Parma Calcio 1913,0,0.0,0.7092981114983559,0.7092981114983559,2020-2021,serie_a
9259,Isaac Karamoko,1,1,0,0.0,0,0.0,0,0,0,0,S,Sassuolo,0,0.0,0.0,0.0,2020-2021,serie_a
9260,Chaka Traorè,3,12,0,0.0824093595147132,0,0.0,1,0,0,0,S,Parma Calcio 1913,0,0.0824093595147132,0.0824093595147132,0.0,2020-2021,serie_a
9262,Jérôme Onguéné,4,177,0,0.0,0,0.0,0,0,0,0,D S,Genoa,0,0.0,0.1594629287719726,0.1594629287719726,2020-2021,serie_a
9304,Vasilios Zagaritis,2,62,0,0.0,0,0.0533025711774826,0,1,0,0,S,Parma Calcio 1913,0,0.0,0.1760844960808754,0.1760844960808754,2020-2021,serie_a
9325,Davide Ghislandi,1,3,0,0.0,0,0.0,0,0,0,0,S,Atalanta,0,0.0,0.0,0.0,2020-2021,serie_a
9337,Valentin Antov,5,229,0,0.0138509618118405,0,0.0157820135354995,1,1,1,0,D S,Bologna,0,0.0138509618118405,0.4312011618167162,0.4173501748591661,2020-2021,serie_a
9344,Viktor Kovalenko,1,2,0,0.0,0,0.0,0,0,0,0,S,Atalanta,0,0.0,0.0,0.0,2020-2021,serie_a
9360,Amadou Diambo,1,2,0,0.0,0,0.0,0,0,0,0,S,Benevento,0,0.0,0.0,0.0,2020-2021,serie_a
9419,Bryan Reynolds,5,283,0,0.0,0,0.0268188100308179,0,1,0,0,D S,Roma,0,0.0,0.9330737292766572,0.906254917383194,2020-2021,serie_a
9444,Felix Correia,1,6,0,0.0,0,0.0,0,0,0,0,S,Juventus,0,0.0,0.0,0.0,2020-2021,serie_a
9495,Wisdom Amey,1,1,0,0.0,0,0.0,0,0,0,0,S,Bologna,0,0.0,0.0089166592806577,0.0089166592806577,2020-2021,serie_a
9503,Kacper Urbanski,1,1,0,0.0,0,0.0,0,0,0,0,S,Bologna,0,0.0,0.0,0.0,2020-2021,serie_a
9518,Edoardo Bove,1,8,0,0.0,0,0.0,0,0,0,0,S,Roma,0,0.0,0.0775498077273368,0.0775498077273368,2020-2021,serie_a
9539,Antonio Raimondo,1,1,0,0.0,0,0.0,0,0,0,0,S,Bologna,0,0.0,0.0,0.0,2020-2021,serie_a
9550,Yayah Kallon,1,42,0,0.1220618560910224,0,0.0219981670379638,2,1,0,0,S,Genoa,0,0.1220618560910224,0.2757399380207062,0.1316799223423004,2020-2021,serie_a
9559,Marco Bertini,1,3,0,0.0,0,0.0,0,0,0,0,S,Lazio,0,0.0,0.0,0.0,2020-2021,serie_a
